Data;Vazao01;Vazao02;Vazao03;Vazao04;Vazao05;Vazao06;Vazao07;Vazao08;Vazao09;Vazao10;Vazao11;Vazao12;Vazao13;Vazao14;Vazao15;Vazao16;Vazao17;Vazao18;Vazao19;Vazao20;Vazao21;Vazao22;Vazao23;Vazao24;Vazao25;Vazao26;Vazao27;Vazao28;Vazao29;Vazao30;Vazao31
01/01/2005;;;;;18,3;;;37,3;71,5;41,79;89,81;61;35,9;25,72;;;;;;;;;;;99,2;101,9;43,53;29,96;26,76;25,98;25,2
01/02/2005;23,64;21,1;18,42;;;;;;;;;;;;;;;;;;;;;;;;;;;;
01/03/2005;;;7,794;7,342;7,342;6,89;6,664;5,466;5,27;4,976;7,229;5,564;5,368;17,94;14,46;9,764;8,02;7,568;7,794;7,568;7,342;7,681;11,55;14,46;13,38;7,568;6,664;5,564;5,662;5,564;4,976
01/04/2005;20,975;22,225;25,59;82,7;83,82;40,94;27,8;21,1;18,66;;;;;;;;;;;;;;;;;;;;;;
01/05/2005;;;;;;;;;;;;;;;;;;;152,8;191,8;195,4;183;156,2;148,4;146,6;111,9;51,1;38,56;31,04;29,825;26,76
01/06/2005;24,29;22,35;20,85;19,38;18,18;;;;;;;;;;34,55;68,09;60,55;134,85;117;66,54;45,995;35,63;31,31;28,88;25,59;23,77;22,35;20,1;19,74;18,42;
01/07/2005;;;;;22,6;;;;;;;;;;;;;;;;;;58,115;48,75;32,93;26,11;21,85;19,14;;;
01/08/2005;;;;;;;;;33,335;102,65;62,51;37,3;29,015;24,42;21,35;;;;;;;;;;;;;;;;117
01/09/2005;214,6;148,1;127,25;150,6;212;155,8;99,2;143,8;157,6;149;139,15;140,65;120,85;105;131,6;131,4;102,5;82,38;154,2;154,6;110,85;72,3;66,54;54,36;50,35;93,275;66,23;50,5;44,11;40,38;
01/10/2005;49,765;40,24;36,04;38,28;138,4;156,8;121,8;96,08;107,6;112,05;84,78;49,04;53,2;50,055;52,15;53,49;141,1;144,8;105,6;63,13;49,62;43,965;39,54;33,74;32,93;29,69;28,205;81,42;154,8;123,4;114,8
01/11/2005;87,83;61,15;49,765;40,94;41,935;40,94;131,2;26,76;78,7;61,6;52,9;47,01;38,98;34,685;32,39;36,04;49,04;47,01;45,27;42,08;31,985;25,72;22,1;20,85;27,67;26,76;19,74;;;;
01/12/2005;;;23,64;;;20,725;;;;;;;;;;;;;;;20,725;;;23,64;;;;;;;
01/01/2006;;28,07;22,35;;;;;;;;;;;;;;;24,03;18,3;;23,64;19,5;22,1;27,28;39,82;36,18;28,88;23,64;18,66;;
01/02/2006;;;;;;;;;;25,33;43,385;27,8;19,38;;;;51,25;37,16;23,64;26,5;43,385;53,05;33,74;24,29;19,5;;;;;;
01/03/2006;;20,225;;48,895;26,11;;;;;20,1;31,445;20,1;;;;;;;;;30,905;19,74;;;;;36,46;28,34;47,3;46,865;28,88
01/04/2006;21,6;;;;;;;;;34,955;19,5;;;;;;;;;;;;;;;;;;;;
01/05/2006;;;;;;;;;;;;;;;;;;;;;;;;;7,116;8,238;7,794;7,116;6,89;7,003;6,438
01/06/2006;7,229;7,455;5,662;5,76;5,873;6,438;6,212;6,212;6,212;5,873;5,76;5,564;5,368;5,368;5,368;5,564;4,976;4,976;4,976;5,368;5,564;8,783;8,674;6,099;5,662;7,907;8,238;7,116;5,873;5,27;
01/07/2006;4,78;4,388;4,192;4,192;4,192;4,192;3,8;3,462;3,462;4,192;4,78;4,976;4,388;4,388;3,8;3,996;4,584;4,192;3,996;3,996;3,8;3,8;4,192;3,898;3,996;4,192;3,898;4,584;18,06;10,2;6,89
01/08/2006;5,368;4,976;4,682;4,388;4,388;4,192;4,192;4,388;4,388;3,8;3,996;3,8;3,8;3,8;3,631;48,605;101,3;30,77;18,18;14,58;11,55;7,794;7,794;7,229;6,664;6,212;5,76;4,78;4,78;4,388;4,388
01/09/2006;11,82;48,17;37,86;;;;;;;;;;;;;;;;;;;;;;;;;;;;
01/10/2006;;60,4;;27,15;19,74;23,9;21,6;;;;;31,31;34,55;28,205;23,64;25,59;31,175;24,29;18,78;;;;;;;;;;;;
01/11/2006;;;;;;;;;;;;;;;;;;;69,95;130;110,7;57,185;35,765;26,37;;35,765;67,47;88,325;96,575;65,765;
01/12/2006;50,35;38,56;29,96;26,11;21,6;29,42;93,11;48,895;33,2;24,16;28,745;22,73;18,9;;;27,15;;;;64,68;65,3;55,375;43,385;34,55;;51,1;40,24;30,23;23,64;19,98;
01/01/2007;;;;;29,015;78,22;65,765;46,14;39,12;33,875;28,88;50,5;47,445;35,765;22,475;;;;;80,46;103,4;59,95;39,12;31,04;25,98;22,1;37,72;31,31;108,3;141,1;96,08
01/02/2007;52,9;40,8;32,12;26,89;21,1;55,23;43,965;;40,52;;;;27,8;21,725;18,66;;;;45,705;44,69;115;153,4;134,1;152,8;160;146,6;131,2;108,75;;;
01/03/2008;60,55;43,385;52,9;35,765;27,15;21,475;19,38;;;;;42,805;51,1;45,125;33,065;25,33;20,725;18,66;17,94;;60,25;45,56;48,895;42,515;32,12;29,825;26,89;23,12;23,38;21,85;19,62
01/04/2008;;;26,11;;;;;;;;13,26;14,58;17,22;23,38;23,64;16,14;24,29;20,35;15,66;31,58;101,9;66,85;40,94;31,58;26,11;22,86;19,5;16,5;;;
01/05/2008;41,5;51,1;155,2;125;111,9;54,795;39,54;34,28;29,285;24,03;23,64;22,35;20,725;17,34;16,38;15,06;14,1;;;12,495;11,28;10,2;9,764;9,328;8,892;8,456;8,02;8,02;9,982;14,82;8,892
01/06/2008;8,674;9,001;14,22;53,49;25,33;15,66;13,38;12,09;10,47;10,091;8,783;13,98;25,85;22,1;27,67;16,98;14,82;11,55;10,74;10,47;20,1;14,34;9,546;8,02;6,664;6,438;54,795;54,07;95,09;53,635;
01/07/2008;37,86;30,77;26,5;29,96;24,68;21,1;16,62;15,66;15,9;14,46;13,5;12,36;11,55;10,335;9,982;9,546;9,11;8,565;8,02;7,568;7,568;7,342;7,342;9,873;11,01;9,982;8,347;7,342;6,212;6,212;6,438
01/08/2008;8,129;15,06;20,85;10,335;8,238;9,546;15,66;19,98;;47,3;36,74;12,225;40,94;32,66;38,28;40,66;32,12;;22,35;17,94;16,62;20,1;21,975;20,975;16,5;15,3;14,34;13,14;11,82;9,982;9,11
01/09/2008;8,347;7,794;7,116;6,664;6,664;30,095;44,98;21,475;36,88;40,66;30,23;102,05;187;144;120,55;;47,01;34,415;29,96;27,02;;31,715;24,94;20,975;17,34;16,5;16,5;17,1;16,98;16,98;
01/10/2008;18,42;86,86;54,07;114;211,8;149,4;133,5;140,2;148,1;139,6;127,4;;51,7;37,86;50,2;72,3;187,4;222,2;199,95;167,8;177,4;182,4;185,55;207,8;212,2;170,7;216,6;197;194,2;154,2;159,7
01/11/2008;177,4;187,4;162,8;159,25;146,45;145;142,6;125,75;88,49;52,6;;117,2;193,2;158,2;;;140,05;122;80,3;79,82;81,1;123;144;116,8;89,315;128,4;126,35;122,8;86,54;52,15;
01/12/2008;45,995;41,36;35,495;29,42;26,11;23,51;22,225;20,725;17,94;;29,555;26,63;23,12;20,85;16,26;17,94;18,54;17,34;15,66;14,94;13,86;10,335;10,2;15,42;;30,5;16,74;13,86;14,1;22,99;17,1
01/01/2009;14,58;41,22;102,65;119,95;88,985;60,1;;29,96;;61,75;110,7;110,1;64,99;48,025;36,6;31,715;51,7;71,5;54,795;93,77;78,22;55,81;42,37;34,82;31,175;28,34;27,54;25,46;28,61;32,93;28,61
01/02/2009;26,76;23,38;19,62;22,35;52,15;33,2;25,33;32,93;41,935;45,27;36,46;31,85;24,29;20,6;19,38;18,9;22,35;50,35;67,005;39,26;67,935;109,5;89,81;;63,905;55,52;;64,06;;;
01/03/2009;61,6;100,28;60,7;43,095;35,495;29,42;25,72;;37,86;34,01;34,145;33,335;36,04;26,11;21,85;18,78;18,9;18,3;13,98;15,54;15,3;15,3;14,34;13,14;12,9;12,9;13,14;13,86;12,36;10,74;10,74
01/04/2009;10,74;9,328;9,764;9,764;9,328;15,54;13,86;11,28;11,82;11,82;10,47;7,794;6,664;8,02;6,777;5,76;5,564;5,564;5,172;4,78;4,78;7,907;14,7;10,74;10,2;8,238;5,76;6,212;5,873;4,976;
01/05/2009;3,8;3,8;3,2085;1,0815;15,06;12,9;8,238;7,568;4,976;3,8;3,5465;1,384;17,22;17,1;17,7;13,98;5,873;5,76;5,368;4,976;4,976;4,976;4,976;5,368;4,976;4,584;4,78;9,437;;;
01/06/2009;22,35;20,6;13,86;8,02;8,02;7,116;6,438;5,368;4,78;4,584;4,388;3,996;3,8;3,996;3,8;9,982;16,5;12,36;10,2;6,664;6,212;5,76;5,368;5,368;6,325;7,794;6,89;5,76;5,76;12,765;
01/07/2009;14,34;9,328;8,02;7,342;6,664;;7,116;102,2;86,54;;113,25;134,1;87,995;48,75;;72,14;139,9;119,35;87,34;48,315;38,56;34,28;35,765;27,28;23,38;21,225;19,62;18,9;20,35;19,5;27,02
01/08/2009;173,8;183;120,55;120,1;144,4;;125,6;90,47;36,74;33,47;28,475;25,46;22,6;21,35;21,85;20,975;;32,795;146,3;174;130,6;75,66;52,15;38,98;44,98;42,08;36,18;30,77;26,37;23,64;22,1
01/09/2009;21,35;19,14;18,9;34,955;28,61;22,1;21,1;104,8;136,2;166,8;158,5;159,1;217,4;166,8;112,8;139;142;133,2;121;68,09;49,33;41,36;55,81;60,4;45,85;;56,72;203;241,2;178;
01/10/2009;130,4;143,6;158,8;166,4;160,8;173,8;162,8;141,7;124,2;76,62;49,185;97,76;171,8;144,8;175,4;168;168,9;164;;124,2;84,3;62,2;53,2;43,24;45,85;;70,57;47,59;40,38;33,47;26,37
01/11/2009;22,6;20,1;18,9;19,14;15,54;21,35;67,16;;60,4;52,9;76,3;47,59;39,54;32,39;29,015;30,5;36,18;;25,72;57,34;48,17;44,4;38,98;35,63;72,62;92,12;84,62;130,4;137,4;111,9;
01/12/2009;74,38;57,34;100,28;88,49;49,62;39,54;33,47;29,42;25,98;23,64;21,6;56,1;51,1;34,82;26,24;;66,85;75,02;45,85;33,2;27,02;33,47;26,24;26,76;47,01;47,3;;107,2;63,13;44,4;37,86
01/04/1929;;;;;;;;;;;;;;;;;;;3,37;2,9;2,9;2,9;2,9;2,9;2,747;2,747;4,075;3,605;2,9;2,9;
01/05/1929;2,9;2,747;2,747;2,594;4,31;3,605;3,135;2,9;2,9;2,9;38;46;26,5;17,5;12,1;5,25;4,31;3,605;19,3;14,5;12,1;7,35;4,78;3,605;3,135;5,25;4,31;3,135;2,9;2,747;2,747
01/06/1929;2,747;2,747;2,747;2,747;2,594;2,9;42;23,5;20,5;152;135;58;48;34,2;26,5;22;18,4;16;13;11,5;10,2;9,55;7,95;6,75;5,25;4,31;3,84;3,605;3,37;3,37;
01/07/1929;2,9;2,9;2,9;2,9;2,9;2,9;2,9;4,075;4,075;4,78;6,45;5,25;4,78;4,31;4,075;4,075;4,075;3,605;3,605;7,65;46;50;26,5;15,1;11,8;8,9;8,25;7,35;6,45;5,25;5,25
01/08/1929;5,25;5,25;5,25;4,78;4,78;4,31;4,31;4,31;3,84;3,135;2,9;2,9;2,9;2,9;2,747;2,747;23,2;28,02;20,8;18,4;13;11,8;10,85;11,5;152;102;46;38;102,5;87;66
01/09/1929;41,6;36,48;31,08;23,8;23,5;30,3;34,2;87;66;46,4;42;34,2;28,4;23,8;21,7;20,8;18,1;16;23,5;38;70;66;52;125;94,5;74;62;44;38;30,3;
01/10/1929;26,5;70;162;152;167;102;88,5;76;64;50,8;56,8;70;158;376,6;436,8;334,6;288;222;112;66;50;56,4;74;66;74;60,4;57,2;55,2;50;50;52
01/11/1929;82,5;68;58,8;53,2;38,8;24,1;19,9;40;37,62;35,34;32,25;29,54;27,64;25,9;24,1;22,3;20,8;18,1;15,4;12,4;8,575;5,25;3,605;3,605;3,37;3,37;3,135;3,135;2,9;2,9;
01/12/1929;4,31;3,84;3,37;2,9;2,9;2,9;2,747;3,605;3,84;4,78;4,31;3,605;3,37;3,135;3,135;2,9;2,747;2,747;2,747;2,594;2,594;2,594;2,594;2,594;2,594;2,594;2,594;2,594;2,594;2,594;3,84
01/01/1930;2,9;2,9;2,9;23,2;70,8;141;177;78;46;29,54;26,5;19,6;46;90;98;183;170;148;126;105;78,9;56,4;52;19;12,1;7,65;5,015;61,2;189;199,2;105
01/02/1930;99,5;82,05;94;81,6;88;79,8;137;169;163;153;106;69,2;57,6;49,6;46;87;74,8;61,2;70;66,4;54,8;43,6;29,92;23,2;13,9;8,9;7,05;4,78;;;
01/03/1930;14,5;13,9;13,3;13;12,1;11,175;10,2;9,225;8,25;7,65;7,05;6,75;6,45;6,15;6,15;5,85;5,85;5,55;5,25;5,25;5,015;5,015;4,78;4,78;4,545;4,545;4,31;4,31;4,31;4,075;3,84
01/04/1930;4,075;4,075;3,84;3,84;3,605;3,605;3,37;3,37;3,135;3,135;2,9;2,9;2,747;2,747;2,594;2,441;2,288;2,135;1,982;1,829;1,676;1,523;1,37;1,37;1,37;1,37;1,676;2,135;2,594;4,31;
01/05/1930;2,594;2,135;1,676;1,523;1,37;1,37;1,233;1,233;1,233;1,096;1,096;1,096;1,096;1,096;1,096;1,096;1,233;1,233;1,233;1,096;1,096;1,096;1,096;1,096;1,096;1,096;1,096;3,135;6,75;8,9;7,35
01/06/1930;6,75;4,31;2,594;1,982;1,676;1,523;1,37;1,233;1,233;1,233;1,096;1,096;1,096;1,096;0,959;0,959;0,959;0,959;0,959;0,959;0,959;0,959;0,959;0,959;0,959;0,959;0,959;0,959;0,959;0,959;
01/07/1930;0,959;0,959;0,959;1,096;1,096;1,096;1,096;1,096;1,096;1,096;1,233;1,233;1,233;1,096;1,096;1,096;1,096;0,959;0,959;0,959;0,959;1,096;1,233;1,096;1,096;0,959;0,959;0,959;0,959;0,959;0,959
01/08/1930;0,959;0,959;0,959;0,959;0,959;0,959;0,959;0,959;2,288;4,31;3,37;2,594;1,982;1,523;37,24;25,3;21,1;15,1;12,7;8,25;5,85;4,31;3,37;2,747;2,594;2,441;2,288;12,1;54,8;200,4;247,2
01/09/1930;178;113;70;54;42;34,96;28,78;24,7;21,1;18,7;16,9;15,7;14,8;13,9;13,3;12,7;12,1;11,5;10,85;10,2;9,55;8,9;8,25;7,95;7,65;7,35;7,35;7,05;7,05;6,75;
01/10/1930;6,45;6,45;8,575;48;49,2;50,4;47,6;42;178;109,5;48;70,8;61,2;50,4;66,4;61,2;50,8;46,4;43,6;40,8;38;36,1;44;142;98;58;52,4;66;54,8;43,6;24,1
01/11/1930;20,8;18,4;16,9;15,7;14,2;13;11,8;65,2;58;50,4;44;38,4;33,42;29,92;31,08;26,88;24,1;21,1;19,3;18,1;17,2;16,3;15,4;14,5;13,9;13,3;15,7;12,1;12,1;11,8;
01/12/1930;14,8;13,6;12,4;11,175;9,875;8,9;7,95;7,05;6,45;5,85;8,25;15,1;38,8;36,48;31,08;60;46,8;25;22,9;19,3;16,6;14,5;11,8;9,875;7,65;6,45;5,85;16,9;22,9;32,64;31,08
01/01/1931;31,08;24,1;54;42,8;34,58;28,78;24,1;21,7;108;101;72;48;31,08;78,9;74,8;84,3;80,7;60,4;53,2;163;118,5;78,45;57,2;38,8;27,26;21,7;19,9;18,4;16,9;15,4;13,9
01/02/1931;12,4;10,85;9,225;7,95;15,1;13,9;13;12,4;11,8;11,175;12,7;13,9;9,55;5,85;4,075;2,9;2,288;1,982;1,829;1,676;1,676;1,523;1,37;1,37;13,9;10,525;9,55;7,95;;;
01/03/1931;6,45;5,015;4,31;3,37;2,747;2,288;1,982;1,829;275,4;392;237;98;58,8;57,2;20,8;15,7;15,1;13,3;28,4;22,3;18,7;14,8;12,1;12,1;10,85;10,85;10,85;10,2;9,55;9,55;8,9
01/04/1931;8,25;7,65;7,05;7,05;6,45;5,85;5,25;5,015;5,015;4,78;4,545;4,31;4,075;3,84;3,605;3,37;3,135;2,9;2,9;2,747;2,594;2,594;2,594;2,441;2,441;2,441;2,441;7,65;7,05;350;
01/05/1931;435,4;518;431,2;323,4;276;58;47,2;41,2;34,2;31,86;31,08;24,4;21,1;20,5;138;66,8;58,8;45,2;42;74;102;66,8;50,8;41,2;34,2;50;50;49,2;48;47,6;39,2
01/06/1931;33,42;27,64;23,2;20,8;19,3;18,1;34,96;32,64;31,47;58,8;197,4;346,5;273;159;78,45;58,8;66;57,2;51,6;49,2;41,6;37,62;33,42;28,02;23,8;22;37,24;36,86;25,6;22;
01/07/1931;19,9;18,1;17,5;77,2;162;108;79,35;119,5;198;120;77,2;62;55,6;47,2;41,2;36,86;30,3;26,2;22,9;21,1;19,9;18,1;16,9;15,7;15,1;28,02;65,2;50,4;32,25;26,2;24,1
01/08/1931;19,9;17,5;15,4;13,3;11,8;11,5;18,4;38,4;28,4;22,3;21,4;20,5;18,7;17,2;16;14,8;13,6;12,4;11,175;9,875;8,575;7,35;6,15;5,25;4,78;4,545;4,31;3,84;3,37;13;12,7
01/09/1931;9,55;5,015;3,37;6,75;7,35;4,78;3,605;3,135;6,45;376,6;423,5;353,5;336;467,6;435,4;345,8;353,5;380,8;316,4;225,6;142,5;101,5;77,2;56;55,6;67,2;78,9;74,8;55,6;47,2;
01/10/1931;40;54,8;52,8;39,6;28,02;23,2;20,5;19;17,8;25,3;29,54;28,4;115;87,5;58,4;44;34,96;28,02;24,1;25,6;25,3;21,7;19,9;18,1;16,3;14,8;13,6;12,4;11,175;9,875;8,9
01/11/1931;8,25;14,5;16,3;10,85;7,35;5,55;5,015;4,545;22,3;20,2;22,6;14,8;10,525;8,9;7,05;11,5;12,4;7,95;6,45;5,55;5,015;4,545;4,78;7,95;10,85;24,1;19,9;13,6;9,225;8,9;
01/12/1931;7,35;26,5;50,8;52,4;57,6;68;50,4;48,4;46;29,16;22,6;17,2;13;14,2;11,8;8,25;6,45;5,55;5,015;4,78;4,545;4,31;4,075;6,15;62,4;62;39,2;92,5;80,25;37,24;81,15
01/01/1932;56,8;43,2;26,88;19,6;16,6;15,1;13,9;13;11,5;12,1;54;49,6;38,8;34,2;24,4;20,8;17,5;14,5;12,4;11,175;8,575;6,75;5,015;4,31;8,9;7,65;7,05;4,78;3,37;4,31;15,7
01/02/1932;79,35;217,2;148,5;105;74;58,8;241,2;208,8;164;123,5;75,2;98,5;82,95;66;42,4;27,26;73,6;34,96;30,3;36,1;28,02;19,3;14,8;12,7;22;74,8;143,5;174,5;136;;
01/03/1932;72;55,2;52;46;42,4;39,2;36,1;33,03;29,92;26,5;24,4;22;19,3;16,9;14,8;13;10,85;8,9;7,05;5,55;13;29,16;36,1;80,25;67,6;64,4;79,8;77,2;74,4;71,2;57,6
01/04/1932;54,8;37,62;28,4;24,1;24,4;22;23,2;33,42;29,54;20,8;14,8;13,9;20,8;38,4;47,6;41,2;33,81;26,88;140,5;326,9;336,7;228,6;164,5;106,5;83,4;66,8;56,8;51,2;45,2;40;
01/05/1932;36,1;34,58;69,6;66,8;53,6;45,6;68;96,5;68,8;56,4;53,2;45,6;37,24;28,78;22,9;14,5;12,4;8,25;6,15;4,545;3,605;2,9;2,9;136,5;482,3;422,8;277,8;125;62,4;39,6;24,1
01/06/1932;17,5;14,5;12,1;12,7;52;59,2;47,2;40,8;36,1;31,86;29,16;27,26;26,2;26,2;25,3;23,8;22,6;22;21,1;20,8;21,4;25;25,9;23,2;21,1;20,2;28,4;36,1;33,42;30,69;
01/07/1932;27,26;31,86;56;50,4;42;35,72;30,69;28,02;25,9;23,5;22;20,2;18,4;17,5;15,7;14,2;12,1;9,875;7,95;6,45;5,015;4,78;4,545;4,31;4,075;4,075;3,84;3,605;3,605;3,37;3,135
01/08/1932;3,135;2,9;2,9;8,25;46;70,4;85,2;77,6;46;33,03;25,6;22,6;19,9;19,9;19,6;18,1;16,9;16,9;16,3;15,1;13,9;12,7;11,8;13;13,6;13;12,1;11,5;38;49,6;28,78
01/09/1932;23,2;20,8;18,7;17,2;16,3;15,4;14,5;20,5;56,4;279,6;280,8;261,6;347,2;304,5;212,4;107,5;78;73,6;40;36,86;34,58;32,64;33,81;52,8;78,9;54;42,8;36,86;33,03;31,86;
01/10/1932;29,92;27,64;40;104,5;68,4;53,6;46,4;40,4;37,62;35,72;34,2;33,42;31,47;28,02;25,6;45,6;159,5;371;296,8;143,5;170,5;259,8;163,5;57,6;48,8;45,6;42;39,2;36,86;33,81;31,47
01/11/1932;29,16;26,88;25,3;24,1;23,2;22,3;21,4;20,2;19,3;18,7;17,5;16,6;16;14,8;13,9;13;11,8;10,85;10,2;18,4;29,92;25,6;23,5;82,5;179,5;128;63,2;52;48,8;45,6;
01/12/1932;41,6;37,24;208,2;412,3;294,7;253,2;158;88;74,8;68,8;65,2;60,8;58,4;55,2;53,6;51,2;48,8;48;54,4;59,6;99,5;99;67,6;63,6;60,8;57,2;54,4;51,2;48,8;45,6;41,6
01/01/1933;40;38,4;36,86;35,72;33,81;32,25;29,92;28,02;26,2;24,7;22,9;33,42;31,47;27,26;25,6;23,5;22;21,7;20,5;19,6;19;17,5;16,3;14,8;13,3;12,4;11,175;10,2;9,225;7,95;8,575
01/02/1933;22,6;27,64;24,7;24,4;43,6;42;35,34;29,92;29,16;26,2;42,4;71,6;62;46,4;39,6;34,2;31,08;31,08;41,6;48,4;53,2;39,2;31,86;42,8;62,4;46,8;41,2;35,72;;;
01/03/1933;34,2;31,86;144;103,5;62,4;62;56;45,2;41,6;39,2;36,86;34,58;52,4;114;87,5;62;50;43,2;39,6;36,86;33,42;29,92;28,02;26,88;25,6;24,7;23,2;22;21,4;19;22,6
01/04/1933;28,78;25,6;23,5;21,7;20,2;19,3;17,8;16,3;15,1;13,3;10,525;8,575;12,1;14,8;27,26;44;42,4;32,25;28,02;25;22,6;21,4;22,9;23,5;22,6;20,8;19,3;17,8;18,4;34,2;
01/05/1933;36,86;35,34;36,1;34,96;34,96;48;51,2;41,2;35,72;33,81;32,25;52,4;61,2;60,8;49,6;40,4;37,24;34,2;29,92;29,54;46,8;54;47,2;42;35,34;29,54;24,4;21,4;19,6;18,1;16,6
01/06/1933;15,4;13,6;12,1;10,85;9,55;8,9;8,575;8,25;7,65;7,35;7,05;6,75;6,45;5,85;5,85;5,55;5,55;5,25;13,6;16,3;9,55;7,95;7,65;7,05;7,05;6,75;6,45;5,85;8,575;12,4;
01/07/1933;7,05;6,75;6,15;5,85;5,85;5,85;5,55;5,55;13;15,7;13,3;23,8;22;15,7;13;12,7;11,8;10,85;8,575;7,95;7,05;6,75;6,45;6,15;6,15;6,15;5,85;5,85;5,55;6,15;6,15
01/08/1933;5,85;5,55;5,25;5,25;5,015;5,015;5,015;5,015;4,78;4,78;4,78;4,78;5,015;4,78;4,78;4,545;4,545;4,545;4,31;4,31;4,075;4,075;4,075;4,075;33,42;128,5;66;44;30,3;24,1;18,4
01/09/1933;14,5;12,1;11,175;27,64;39,6;26,2;22,3;23,2;24,7;28,78;22,9;19,3;16,9;15,1;13,3;11,5;10,2;9,225;11,5;14,2;23,5;73,2;288,6;256,8;126;28,78;27,26;29,16;28,4;26,2;
01/10/1933;23,5;290,4;632,1;725;627,2;452,9;271,2;143;399,7;323,4;225;158;122,5;85,65;68,8;56;47,6;43,6;36,48;30,3;27,64;25,6;28,02;25,9;21,7;20,5;19,6;17,2;16;15,7;35,34
01/11/1933;42,8;53,2;126;91,5;65,6;55,6;37,62;49,6;50,8;40;32,25;25,9;42,8;44,4;36,86;29,92;22,9;20,8;19,6;19,6;19,6;21,4;20,2;24,1;24,7;19;15,7;13,6;12,1;34,58;
01/12/1933;38,8;35,34;26,2;25;22,3;18,4;15,7;14,5;13,3;12,1;11,175;9,875;9,55;8,9;8,25;8,25;8,25;7,95;13,9;13,6;11,175;10,85;17,5;16,3;10,85;8,575;7,65;6,75;6,15;5,85;5,55
01/01/1934;5,55;5,015;4,545;4,545;5,55;20,8;22;33,03;52,4;62;37,62;23,8;17,2;14,2;11,5;12,7;28,78;78,45;81,6;56,8;33,81;24,7;36,48;97;375,9;343;185;78,9;60,4;55,2;154,5
01/02/1934;107,5;74,8;66;131,5;102,5;93;105,5;122,5;83,4;62;54;47,6;41,2;37,24;34,2;43,2;37,62;114,5;91,5;106,5;99,5;78;60,8;252,6;387,8;346,5;235,8;132;;;
01/03/1934;100;132;124,5;103,5;73,2;63,6;50,8;44;36,48;31,86;28,78;25,3;23,5;20,8;20,2;19;18,4;19,3;22,6;19,3;16,9;14,8;18,1;15,7;16,3;16,9;20,5;37,62;74,8;48;33,42
01/04/1934;35,34;31,86;28,02;27,26;44,4;133,5;91;70,8;61,6;103;102,5;65,2;50,4;91;69,2;59,2;47,6;38,8;31,86;28,02;25,6;26,88;25,3;23,8;38;132,5;90;66,8;49,2;40;
01/05/1934;31,08;28,02;24,1;19,9;34,2;35,72;78;78,9;67,2;57,6;48;38,8;32,64;23,8;21,7;19,3;18,1;15,7;14,8;14,2;13,6;13,3;31,86;26,2;21,1;17,8;15,4;14,2;13;12,7;12,1
01/06/1934;11,175;9,55;9,225;8,575;8,25;14,5;13,3;12,7;12,1;11,5;11,175;10,525;10,525;10,2;9,875;9,55;12,4;12,4;11,175;10,525;9,875;9,55;9,225;8,575;7,95;7,35;7,05;6,75;6,45;6,15;
01/07/1934;6,15;5,85;5,25;5,25;5,015;7,05;6,45;5,85;5,55;5,015;4,78;4,545;4,31;16,6;20,8;18,7;16;13,3;10,525;8,9;22,6;18,7;17,8;16;15,1;15,1;14,5;20,8;21,7;31,47;23,5
01/08/1934;22;20,8;18,4;28,02;61,2;62,8;41,2;26,5;25,3;23,5;22;20,2;19;18,1;17,5;16,6;16;19,3;18,7;20,8;19,6;18,4;16,9;15,4;13,9;13;12,1;11,5;10,85;10,525;10,2
01/09/1934;10,2;9,55;9,225;8,9;8,575;8,25;7,95;7,65;19;13;15,1;19;20,5;18,4;17,5;25;43,2;29,16;35,72;62,8;42;32,25;26,5;22,9;18,4;18,1;17,8;18,4;17,8;17,5;
01/10/1934;22,3;21,1;19,9;18,4;17,2;18,7;18,4;17,2;21,1;186,5;143,5;71,6;61,6;53,2;43,2;36,1;30,3;25,3;23,2;21,7;19,9;19;31,08;44;28,4;39,6;58;90;70;48,8;31,08
01/11/1934;24,7;22;20,5;19,6;18,4;16,6;15,4;14,8;13,6;12,7;11,8;10,525;9,225;8,575;7,65;7,35;7,05;6,75;6,15;5,85;5,55;5,25;5,015;4,78;4,545;15,7;14,2;20,5;17,2;9,225;
01/12/1934;8,575;7,05;12,7;36,48;52,4;36,1;22;18,7;13;10,525;29,16;26,2;17,8;11,5;15,4;22,3;17,2;12,1;10,85;69,2;100;44;28,4;20,2;16,3;13,6;14,5;50;50;42;25,3
01/01/1935;20,8;17,2;13,3;10,2;8,9;13,3;12,1;9,225;7,95;8,25;8,25;14,8;21,4;20,5;16,3;12,1;9,875;7,95;7,35;6,75;6,45;6,15;7,95;9,875;8,9;10,2;12,7;12,7;11,5;7,95;7,35
01/02/1935;7,05;6,45;5,85;5,55;5,25;5,015;5,25;5,015;4,78;4,545;4,545;4,31;4,31;4,31;4,075;16,9;13,6;11,175;9,875;15,1;20,5;12,7;9,225;7,65;6,45;6,75;9,225;16,9;;;
01/03/1935;14,8;10,85;7,65;6,45;7,65;17,8;109,5;64;60,4;67,6;55,2;50;47,2;48,4;48;44;32,25;23,5;20,2;20,8;15,4;12,7;11,175;10,525;9,225;8,575;7,95;7,35;6,15;5,85;5,55
01/04/1935;5,015;5,55;6,75;6,15;5,85;5,55;5,25;5,015;4,78;4,545;4,545;5,015;4,31;5,015;4,78;4,31;4,31;4,31;4,075;4,075;4,075;3,84;3,84;3,84;3,605;3,37;3,37;3,37;3,135;3,135;
01/05/1935;3,135;3,135;2,9;2,9;2,9;2,747;2,747;2,594;2,594;2,441;2,441;2,441;2,441;2,288;2,288;2,288;2,288;2,747;3,84;3,84;3,605;3,84;3,605;3,37;3,37;3,135;3,135;3,135;2,9;2,9;2,9
01/06/1935;2,747;2,594;2,594;2,9;3,37;4,31;8,9;9,225;8,25;8,9;54,8;38,4;28,4;24,1;17,8;14,5;9,875;8,25;7,95;7,65;8,575;15,1;10,525;7,05;6,45;6,15;5,85;5,25;4,545;4,31;
01/07/1935;4,075;3,84;3,84;3,37;3,37;3,135;3,135;3,135;3,135;3,135;3,37;5,25;9,55;9,225;7,65;5,55;5,55;8,25;17,8;14,5;9,55;22;79,35;66,4;37,24;21,1;16;21,1;16,6;13,3;12,1
01/08/1935;9,225;7,35;6,75;6,75;6,45;6,15;5,85;8,575;48,4;62,4;43,6;31,08;20,8;19,3;16,3;12,7;10,525;34,2;68,8;69,6;94;56,8;43,2;56,4;56;42;30,69;24,1;20,8;19,3;17,8
01/09/1935;15,7;14,2;12,4;11,5;16,3;50,8;33,42;24,4;18,1;15,1;15,7;16;14,5;14,2;16,9;27,26;22;31,08;119,5;78,45;58,4;42;109;470,4;428,4;238,8;129;77,2;58,4;51,6;
01/10/1935;28,78;25,6;161,5;275,4;161,5;84,75;66,8;195;282;214,8;145;134;182;136;211,2;281,4;286,8;248,4;166;110,5;77,2;171,5;231;195,6;149,5;122;84,3;68;56;46,4;38
01/11/1935;29,92;25,3;23,2;20,8;36,48;22,9;19,9;16,9;14,8;13,6;12,7;12,4;14,8;12,7;11,5;10,2;9,875;9,55;9,225;16;22,6;18,4;14,5;12,7;11,5;9,875;8,9;8,25;7,95;9,225;
01/12/1935;9,875;9,875;8,25;19;36,86;25;20,5;16,3;30,69;80,25;53,6;34,96;22,3;18,7;15,4;13,9;13;12,1;10,2;9,225;8,25;7,65;7,35;7,35;7,05;13,9;15,7;37,24;34,2;24,7;25
01/01/1936;79,35;101;59,2;133,5;107;92;72;80,25;68,4;81,15;109,5;82,5;63,6;47,6;38;32,25;27,64;23,8;21,4;18,7;19;22,6;32,25;22,9;18,1;14,8;63,6;42,8;72,8;47,2;33,81
01/02/1936;23,5;21,4;18,7;17,8;16,3;16;19,3;18,4;16,6;14,2;11,8;10,2;9,875;9,55;9,225;8,9;12,7;11,5;11,5;10,85;11,5;20,5;16,9;12,4;14,8;14,2;10,525;9,225;8,25;;
01/03/1936;7,65;7,35;7,05;7,05;6,75;6,75;6,75;10,85;12,1;9,225;7,65;7,35;7,35;6,75;6,45;6,15;5,85;5,85;5,85;5,55;5,25;5,015;4,78;6,15;18,4;21,1;19;9,875;7,65;6,75;6,45
01/04/1936;6,15;5,85;5,55;5,55;5,25;5,015;5,015;4,78;4,78;4,545;4,545;4,545;5,85;5,85;5,015;5,015;4,545;4,545;4,31;4,31;4,075;4,31;20,8;14,5;7,05;8,25;7,05;6,15;5,55;9,55;
01/05/1936;52,4;24,1;17,8;23,5;24,4;17,2;13;11,175;10,525;9,875;9,225;8,25;7,95;7,65;7,65;7,35;7,05;7,05;8,575;10,85;9,225;7,35;10,525;8,25;7,35;6,75;5,85;5,55;7,05;6,45;6,45
01/06/1936;5,85;40,4;184;259,8;171;270;185,5;99,5;91;128,5;84,75;58,8;45,6;39,2;32,25;26,2;23,5;19,9;21,7;19,3;17,8;17,2;16,6;15,4;14,5;17,2;14,8;13,9;13;12,4;
01/07/1936;12,1;10,85;15,7;18,7;19,3;31,08;23,2;20,2;25;40,4;26,88;23,5;18,4;44;38,4;33,42;25,6;22;19,3;18,4;17,5;16,9;15,7;14,8;14,2;13,9;20,2;18,1;16,9;16,3;15,1
01/08/1936;13,6;11,8;10,2;12,4;146;219;137,5;68,8;48;36,48;29,54;25,6;43,2;100;255;190,5;131,5;67,2;54;47,6;44,8;48;38,4;31,08;33,03;162,5;165;268,2;259,2;152,5;82,95
01/09/1936;66;52,4;44,8;39,2;34,58;101,5;151,5;91;71,2;58,8;46,4;44,4;40,8;36,86;43,6;47,2;47,2;58,8;88;150;116;76;180,5;208,2;128,5;84,3;64,4;54,8;47,6;66,4;
01/10/1936;107;86,1;69,6;58,4;52,8;48,4;47,6;131;127,5;174;158,5;114,5;80,7;65,6;56;46,8;40,4;38,8;34,2;31,08;27,64;24,4;22;20,5;18,7;17,2;16,9;16,3;15,4;16,6;19,9
01/11/1936;16,3;13,6;13,6;22,6;54,8;32,25;21,7;18,4;16;19,9;49,6;34,2;50,4;37,24;27,26;22,6;20,5;20,2;17,5;15,4;14,8;14,5;12,4;15,1;21,7;15,4;12,4;11,5;10,525;8,9;
01/12/1936;8,575;12,7;78,9;38,8;24,7;17,2;17,8;65,6;54,8;33,81;23,2;19,9;18,1;16,9;29,16;25,6;21,1;16,9;13,9;11,5;11,5;10,85;9,225;9,875;10,85;11,8;10,525;8,575;8,25;7,65;7,95
01/01/1937;12,4;28,4;41,2;47,6;31,08;22,6;18,4;14,2;12,1;10,2;13,3;10,85;8,575;7,95;7,65;7,05;6,75;6,45;6,15;6,15;5,85;5,85;7,05;7,65;7,95;9,225;16,9;12,4;8,25;7,95;7,95
01/02/1937;7,05;10,525;17,5;25,3;23,8;16,9;13,3;16;30,69;41,2;23,5;16,3;18,7;16;17,2;15,7;9,875;7,65;8,9;8,9;18,1;20,2;13,6;11,5;10,2;13,6;23,2;21,1;;;
01/03/1937;17,2;19,6;41,6;61,2;89,5;79,8;113;111,5;163,5;138;86,1;79,8;64;52,8;48,4;85,65;76,4;52;38,4;30,69;25,9;23,5;21,1;18,7;17,2;16,6;14,8;12,1;11,5;10,85;11,175
01/04/1937;10,85;11,5;38;46;130,5;116;69,6;50;38,4;33,03;26,5;22,3;19,9;20,2;214,2;200,4;106,5;28,02;48;39,2;32,25;28,02;24,1;22,6;20,2;18,7;18,1;17,8;19;22;
01/05/1937;19,9;18,1;20,8;18,4;15,7;15,1;13,9;13,3;12,7;12,1;11,5;10,85;10,525;10,525;10,525;10,85;9,875;13;17,5;13;10,2;9,225;10,525;11,175;9,225;8,25;7,95;7,65;7,35;7,35;7,05
01/06/1937;6,75;6,75;6,75;6,45;6,45;16,9;16,9;10,525;8,25;7,65;7,35;7,05;6,45;6,15;5,85;5,55;5,25;5,25;5,25;5,25;5,25;14,8;12,7;7,95;7,05;6,75;17,8;16,6;11,8;9,55;
01/07/1937;7,95;7,35;7,35;7,05;6,75;6,15;6,15;6,75;6,45;5,85;5,85;5,55;5,25;5,015;5,015;5,015;5,015;4,78;6,45;9,55;6,15;5,25;5,015;4,78;4,78;4,78;4,78;4,545;4,545;4,545;4,31
01/08/1937;4,31;4,545;4,31;4,31;4,31;4,31;4,31;4,31;4,545;5,015;5,015;6,45;97;43,2;23,8;16,6;13;10,525;9,225;8,25;7,65;8,25;40,8;82,5;80,7;78,45;47,2;34,58;54;41,2;30,3
01/09/1937;24,4;20,5;17,8;15,4;12,4;11,175;10,2;9,55;8,9;9,225;14,8;13,9;9,875;8,9;8,25;7,65;7,65;7,95;11,175;15,1;15,4;16,9;22,3;17,8;13;10,85;9,55;8,9;11,5;48,4;
01/10/1937;87;59,6;41,2;31,08;25,9;53,2;184,5;108;114,5;87;55,2;44;36,1;29,54;261,6;239,4;146,5;68,8;52,4;44,4;44,8;44,4;39,2;33,42;28,78;26,2;24,1;20,8;19;17,2;16,3
01/11/1937;14,2;13,3;12,4;12,1;11,175;20,8;20,8;12,4;21,4;19,9;26,2;30,3;24,1;21,1;23,2;165;277,2;189,5;107;65,6;47,2;41,6;37,24;37,62;86,1;70;58,8;53,6;53,2;27,64;
01/12/1937;24,7;26,5;54;67,2;54,8;41,2;30,3;28,4;34,96;70,8;69,2;56,8;49,2;43,2;36,48;31,08;25,6;22,6;21,4;22;25,9;31,86;22;17,5;15,4;13,9;14,2;13;13,6;17,5;13,6
01/01/1938;12,1;11,175;13,3;19,9;14,2;11,175;9,55;8,575;8,25;9,225;9,225;8,25;17,5;47,2;98,5;64;38,8;26,88;23,5;24,1;29,92;32,25;76;54;84,3;128,5;176;160;141;203,4;175,5
01/02/1938;151,5;127;99;72,8;73,6;70,8;54,4;49,2;42,8;39,2;45,2;86,55;152,5;79,35;61,6;54,4;42;35,72;31,08;26,5;22,3;33,03;30,69;25;24,4;22,3;18,4;16,6;;;
01/03/1938;17,5;21,1;19,9;15,7;13,9;12,7;12,4;16,6;13,9;13,6;11,175;10,85;11,8;10,85;10,2;10,2;16,3;17,8;15,4;13;21,4;50;45,6;30,3;22,9;19,9;18,1;17,2;16;14,2;13,3
01/04/1938;11,5;14,5;28,4;23,5;33,03;29,16;25,6;20,2;17,8;38;163,5;74,8;44,4;33,42;28,02;24,4;21,7;19,9;17,8;16,6;14,8;14,8;14,5;14,5;14,2;13;12,1;34,2;219;226,2;
01/05/1938;120;66,8;50,8;40,8;33,81;29,16;26,2;24,1;22,6;20,5;19,6;17,2;16;15,4;14,5;13,6;15,7;14,5;11,8;10,85;33,81;166,5;122,5;67,2;48,8;52,4;58,4;45,2;43,6;44;40
01/06/1938;35,34;31,08;27,64;25;23,8;23,8;22,6;21,7;23,2;21,4;20,5;22,9;21,1;21,4;20,8;20,2;17,5;16;17,5;36,48;74,8;139,5;148;180;130,5;112,5;308;271,8;184;169;
01/07/1938;225;170;119,5;74;66;57,2;49,6;46,4;39,6;35,34;31,47;31,08;31,86;29,92;25;23,8;23,2;22,3;24,7;22,3;19,9;19,6;22,3;22,9;21,1;19,9;19,3;36,1;38,8;33,81;29,54
01/08/1938;28,78;28,4;24,4;21,7;19,9;19;18,1;16,9;16,6;16,3;15,7;15,1;14,8;14,5;13,9;13,3;12,7;12,1;19,3;22,9;15,1;12,7;11,5;10,85;10,85;10,525;10,2;9,875;9,55;9,225;8,575
01/09/1938;8,25;7,95;7,95;7,65;7,65;8,25;9,875;10,525;13,6;14,8;10,525;8,25;10,85;20,2;14,5;11,5;10,85;9,875;9,225;8,575;8,575;11,5;9,875;8,9;8,25;8,9;10,85;9,55;8,575;7,65;
01/10/1938;7,35;7,05;7,05;7,05;8,575;10,2;7,95;7,65;7,65;7,65;8,575;10,2;7,95;7,35;7,35;8,9;13;19;17,8;24,4;18,7;13,9;12,1;9,55;8,575;7,95;7,95;7,95;7,95;7,95;14,5
01/11/1938;19,9;10,2;8,9;8,25;7,95;7,95;7,95;7,95;7,95;7,95;7,95;7,95;7,95;7,95;7,95;7,95;7,95;7,95;7,95;7,95;7,95;7,95;7,95;7,95;7,95;7,95;7,95;7,95;7,95;8,25;
01/12/1938;10,525;8,9;7,95;7,95;7,95;7,95;7,95;7,95;8,9;8,25;7,95;7,95;7,95;9,55;18,4;25,9;47,6;42;26,2;15,7;8,9;9,225;8,25;8,25;8,25;8,25;7,95;7,95;7,95;7,95;7,95
01/01/1939;7,95;7,95;7,95;31,08;26,5;15,4;10,2;7,95;7,95;12,1;12,4;10,2;55,2;45,6;29,54;58,8;82,95;60,4;43,6;26,88;27,26;38;47,2;40;25;17,8;14,8;11,8;11,5;9,875;8,9
01/02/1939;8,25;8,25;10,2;11,8;10,525;8,25;19,6;58;49,2;31,08;20,5;15,7;11,175;9,55;8,25;11,5;15,4;15,1;24,1;72,4;170,5;126;77,2;58,4;76,8;55,2;113,5;74,4;;;
01/03/1939;52;40,8;121,5;120,5;87,5;97,5;86,1;61,6;46,8;58,8;37,62;136,5;89,5;68,4;50,4;59,6;51,2;40;32,25;77,6;108;75,2;58,4;53,6;51,2;40;34,58;50;42,8;48,4;58
01/04/1939;48,4;41,6;35,72;29,54;68;70;53,2;43,2;32,64;26,5;26,88;40,8;30,69;30,3;24,4;23,5;18,7;17,5;16,9;16,3;13,9;12,1;11,5;11,5;12,4;16,3;12,7;10,85;10,2;9,875;
01/05/1939;8,575;8,575;7,95;7,95;7,95;7,95;7,95;16,3;29,54;15,4;10,85;38,8;25,9;20,2;57,2;36,86;28,4;28,78;56,8;58,8;48,4;34,58;27,64;23,5;20,8;18,7;16,3;16;19,6;17,5;15,4
01/06/1939;14,2;14,5;65,6;93;51,6;36,1;26,5;20,8;19,9;21,4;25,3;19,6;16,9;14,8;14,8;15,4;14,8;13,3;13;12,1;15,7;49,6;27,64;23,2;19,6;17,2;18,4;264,6;368,2;229,8;
01/07/1939;104,5;62,8;48,8;40,4;34,58;30,3;25,9;23,8;23,5;22;19;16,9;16,9;16,3;14,5;13;14,5;13,3;12,7;12,4;11,8;11,8;11,175;10,85;10,525;10,2;10,2;10,2;10,525;10,85;10,85
01/08/1939;10,2;9,875;8,9;8,25;7,95;7,65;7,35;7,35;7,05;6,75;6,15;5,85;5,55;5,55;5,55;5,55;5,55;5,55;6,15;6,15;6,75;16,6;14,2;10,525;7,35;6,75;5,55;5,25;5,25;5,25;9,225
01/09/1939;94,5;122;66;40,8;128,5;93;54,8;39,6;32,64;23,5;22,3;22,3;25,6;22;19;22;26,5;108,5;177,5;107;64,8;48,8;38,8;31,08;26,5;23,5;22,3;20,5;5,25;18,7;
01/10/1939;17,8;46,8;33,81;23,5;77,2;110;68,4;50,8;39,2;32,64;26,5;22;23,8;27,64;23,2;19,6;18,1;16,6;14,5;13,9;13;15,1;16,3;19;18,7;13,9;11,8;11,5;11,175;10,2;9,225
01/11/1939;8,9;9,875;19,6;26,5;26,2;24,7;21,4;60,4;47,2;47,2;36,48;25,6;22,9;20,8;18,7;44,8;212,4;312,2;272,4;225,6;159,5;99,5;72,4;87,5;103,5;346,5;342,3;235,8;112,5;68;
01/12/1939;56,4;48,4;52,4;96;120,5;97,5;79,35;99,5;80,25;66;56;208,2;313,6;204;113;70,8;58;48,4;42;48,4;43,2;34,58;35,72;28,78;24,4;23,8;47,2;34,96;25,3;22,9;20,8
01/01/1940;18,7;17,2;14,8;16,6;19,3;29,92;48,8;41,6;28,4;24,1;29,16;22,6;19,3;38,4;94,5;115,5;77,2;66,4;53,2;40,4;26,88;24,7;23,8;24,4;36,48;235,2;245,4;117;63,6;48,4;41,2
01/02/1940;33,81;49,2;36,1;32,25;25;25,3;31,47;25;19,6;17,5;22,9;24,7;33,81;27,64;21,1;17,8;70,8;41,6;43,2;36,48;34,2;25,6;22,3;18,4;16,3;14,8;13,6;12,4;11,8;;
01/03/1940;11,175;10,2;9,55;15,4;16,3;30,3;22,6;102,5;261;229,8;138;79,35;57,2;45,6;36,48;29,16;25,6;23,2;20,5;18,7;17,5;15,7;14,5;14,2;13;13;15,7;15,7;14,5;14,2;13
01/04/1940;12,1;13,3;19,9;66,8;31,08;21,7;15,7;16,6;15,7;13,9;12,1;11,8;10,85;11,175;17,5;20,8;14,8;12,4;11,175;10,2;9,55;9,225;11,175;11,175;9,225;14,2;17,2;11,8;9,875;8,575;
01/05/1940;10,85;48,8;40,4;25,6;20,5;19,3;22,9;20,8;17,5;15,7;14,5;13,6;12,1;11,5;11,5;13,3;14,2;13;11,5;10,525;9,875;8,9;8,25;8,25;26,88;23,5;14,5;13;11,8;11,5;12,1
01/06/1940;11,175;9,55;8,575;8,25;8,25;8,25;7,95;7,65;7,05;6,75;7,65;7,95;7,05;6,75;9,55;9,225;7,65;7,05;6,75;6,75;13,3;11,8;10,85;10,2;8,9;7,65;7,35;6,75;6,75;9,225;
01/07/1940;9,875;7,65;6,45;6,45;6,15;6,15;6,15;5,85;5,55;5,55;5,25;5,25;37,62;96,5;45,2;24,4;19,9;16,6;13,9;13;11,5;16,3;14,2;11,5;10,2;9,875;9,225;8,575;9,875;15,4;19,6
01/08/1940;40,4;31,08;24,1;22,6;19,3;26,5;34,2;25;22,3;19;16,3;14,8;13,9;12,4;12,4;13,6;124,5;101;57,2;38,8;31,86;29,92;25,9;39,6;249,6;247,2;164;85,65;60,4;48,4;40,8
01/09/1940;32,25;28,02;25,6;23,2;21,4;19;17,8;16,6;15,1;13,9;15,1;14,5;12,4;11,5;10,85;9,875;9,55;9,225;8,575;8,25;17,5;16,6;10,85;8,9;8,25;8,25;8,25;7,95;7,95;7,65;
01/10/1940;7,65;7,65;9,225;11,175;9,55;8,9;20,8;18,4;52,8;69,2;46;27,26;21,1;16,9;14,5;12,4;11,175;11,175;11,175;10,525;46;258,6;148;67,6;48,8;38,4;29,92;25,3;22,6;20,5;18,4
01/11/1940;15,7;14,8;19,9;17,5;14,2;12,4;11,175;10,2;9,55;9,55;11,175;42,4;25;19,3;49,2;46,8;26,88;20,8;17,5;15,1;13,9;12,7;11,8;13,3;12,1;13;16;38,4;24,7;16,9;
01/12/1940;14,2;20,2;15,4;13,9;18,1;19,6;16,6;12,4;15,1;14,8;12,1;12,7;14,8;48,4;48,8;28,78;22,9;27,64;36,86;64,8;44,4;39,2;34,58;25,6;21,1;20,8;16,9;19;28,4;30,69;25
01/01/1941;19,3;15,7;13;11,5;11,175;10,85;59,2;110,5;71,6;74;55,6;54,4;51,2;52,4;53,2;56;71,6;48,4;31,47;25;20,5;19;30,3;30,3;23,2;19;17,5;15,7;14,5;12,7;24,7
01/02/1941;50,8;31,47;20,5;68,8;124,5;101,5;71,2;124;131;101;68;52,4;75,2;106;85,65;63,6;58,8;152,5;117;76,4;69,2;59,2;48;45,6;38;34,2;36,86;67,6;;;
01/03/1941;47,6;40;44;45,6;42,8;36,48;29,54;25,6;23,2;21,4;19,3;17,5;19;234,6;313,6;161,5;72,8;53,2;44,8;75,6;165,5;119;155;117;151,5;102,5;77,2;63,2;52;44,4;38
01/04/1941;32,64;28,4;24,7;22,9;20,8;19;17,8;16,3;15,1;14,5;13,3;11,8;11,5;11,5;12,1;11,5;16;29,54;16,6;13,3;11,5;11,175;9,875;8,9;8,575;8,25;7,95;7,65;9,225;8,9;
01/05/1941;28,4;25,3;16,9;13;15,1;30,69;40;34,96;25,6;20,5;17,5;14,8;14,5;13,3;17,8;19;14,8;12,7;11,5;11,175;14,8;17,2;13,9;13;11,8;11,5;11,175;36,86;31,86;22,6;20,8
01/06/1941;17,2;14,8;13,6;11,8;11,5;10,85;10,2;9,875;8,9;8,9;13,6;109,5;74;46,4;34,96;31,08;26,2;29,54;52,8;44,4;38;46,4;69,2;53,2;57,2;46;37,62;31,47;26,5;23,8;
01/07/1941;21,7;19,6;18,1;17,2;16,9;15,4;14,2;13,6;12,1;11,8;11,5;10,85;10,2;9,875;9,55;9,225;12,7;10,85;8,9;8,25;8,25;7,95;7,65;8,25;8,25;7,65;11,5;21,4;12,4;9,225;8,575
01/08/1941;48,4;208,2;195,6;133;147;96;67,2;54,4;44,4;38,4;32,25;27,26;24,7;22,9;26,5;43,2;55,6;67,2;57,6;45,6;37,24;31,08;26,88;23,2;20,5;19;18,1;16,6;15,7;15,1;13,9
01/09/1941;13,3;12,1;33,03;34,58;19,6;15,7;14,5;13,6;12,4;10,525;10,85;10,2;10,2;15,7;13;10,2;9,225;8,9;8,575;19;112;57,2;43,6;54,4;38,8;31,47;27,26;23,8;21,4;19,6;
01/10/1941;16,3;15,1;13,9;33,81;31,08;29,92;68,4;105;124;101;70,8;53,6;42,8;35,34;30,69;31,08;45,2;29,92;24,4;22;19,9;17,8;16,3;14,8;14,5;13,9;12,7;12,4;11,5;10,2;9,875
01/11/1941;9,875;9,55;9,55;15,7;26,5;38,4;25,9;21,4;21,7;18,4;15,1;38,8;111,5;56,8;35,72;31,47;134;107,5;60,8;44,4;35,72;44,8;52;35,34;27,64;24,7;25,3;20,2;17,5;26,5;
01/12/1941;56,4;52;40;32,25;29,54;24,1;21,4;18,7;18,4;18,4;15,7;14,2;19,3;24,4;22;17,2;16,3;15,7;14,2;24,7;39,2;22;17,5;15,1;12,7;11,8;11,5;11,175;11,8;11,175;10,525
01/01/1942;8,9;8,575;8,25;7,95;8,9;8,575;7,65;7,05;6,75;6,15;5,85;5,85;6,15;6,15;6,15;8,9;8,575;6,75;5,55;6,75;7,05;5,85;5,25;5,015;4,78;4,545;4,545;5,55;18,4;54,4;28,78
01/02/1942;14,2;12,7;11,5;11,8;86,1;137;108;201;147;95;69,6;50;37,24;28,4;23,5;19,6;36,86;44,8;34,58;25;21,1;18,4;15,7;13,3;11,8;11,175;14,2;13,9;;;
01/03/1942;12,1;10,2;8,9;8,25;88,5;64,4;29,54;22,3;18,7;15,7;13,9;13,6;10,85;9,875;28,78;38,8;92,5;72,4;46,4;75,6;82,05;60;42,4;31,47;26,88;23,5;21,7;25,3;37,24;104,5;173
01/04/1942;95,5;58,4;44;35,34;29,92;24,7;52;113;78;57,2;43,2;35,34;31,47;31,08;26,5;24,4;21,1;19,3;17,8;24,4;35,34;31,08;24,1;21,1;18,7;16,9;34,96;38,8;41,2;58,4;
01/05/1942;55,2;47,6;38,4;40;38,4;34,2;32,25;26,88;24,1;21,7;19,6;19,9;19,3;18,1;77,6;78,9;52,4;40,4;33,42;29,54;25,3;22;20,2;18,4;17,2;15,7;14,8;13,9;12,7;12,7;12,4
01/06/1942;12,1;11,8;11,5;11,175;11,175;10,85;13,3;18,4;28,78;22,6;18,7;15,4;13,3;16,9;18,7;16,9;16,6;99,5;112,5;66,4;47,6;36,48;29,92;26,2;22,9;21,1;18,7;17,5;16,6;15,1;
01/07/1942;14,2;13,9;13;46;54,8;35,34;31,86;29,54;27,64;24,4;22,9;20,2;19;17,8;13,9;16;13,9;14,8;20,8;19;15,7;13,9;13,9;13;11,8;11,5;10,85;10,525;12,7;16,6;30,3
01/08/1942;43,2;29,54;24,7;22,3;19,6;21,1;29,92;28,02;23,8;22;20,5;19;18,4;16,9;15,4;14,2;13,9;13;13,6;15,7;14,2;25;44,8;126;77,6;54,4;41,6;34,2;28,4;25,3;22,9
01/09/1942;19,9;18,7;17,2;16;25,9;23,8;17,8;16,6;15,1;13,6;12,7;12,1;11,175;11,175;17,5;21,4;20,5;30,3;86,55;54,4;36,48;29,54;25,3;23,5;42,4;47,2;41,2;34,58;29,16;42;
01/10/1942;50;42;36,1;31,86;28,4;26,5;27,64;31,08;27,26;24,4;19,9;17,8;16,9;15,4;14,8;13,9;12,4;11,8;11,8;11,175;9,875;9,55;9,225;10,85;10,2;9,55;8,9;8,575;8,25;7,95;7,35
01/11/1942;6,75;6,75;6,75;6,15;6,15;6,15;6,15;6,15;5,85;5,85;5,85;5,55;5,55;5,55;5,55;5,55;7,05;16;13,6;9,55;7,35;6,45;6,15;5,85;5,85;5,55;6,45;6,75;7,05;9,55;
01/12/1942;8,575;6,75;6,15;5,85;5,55;5,55;5,25;6,45;6,15;6,15;19,9;25,3;15,7;26,88;25,9;16,3;11,8;9,55;7,65;7,05;5,85;5,55;5,55;5,55;5,55;5,55;5,55;5,25;5,015;5,015;5,015
01/01/1943;5,85;5,85;7,05;7,65;7,95;6,75;5,55;5,015;4,545;4,545;4,31;4,075;4,075;3,84;3,84;4,78;4,075;19,9;19,6;10,85;7,05;5,25;5,015;62;50;29,16;16,3;13,9;16,3;38;46
01/02/1943;41,2;31,08;27,26;21,1;15,4;12,4;9,875;8,575;16,3;87,5;44,8;26,88;21,7;19;20,2;35,34;23,5;17,5;16;17,5;13,9;14,8;16;15,7;14,2;14,2;10,525;8,9;;;
01/03/1943;8,25;7,05;6,15;6,15;5,55;5,25;5,25;5,015;5,015;5,015;4,78;5,015;13,3;13,9;7,95;6,15;5,015;5,015;4,78;4,545;4,31;4,31;7,35;5,25;5,85;5,015;5,015;11,8;10,525;7,95;7,65
01/04/1943;6,75;5,25;4,78;4,78;4,78;4,545;4,31;4,075;4,075;5,25;5,25;5,015;4,78;4,31;4,78;16,3;12,7;8,9;5,015;4,78;4,545;4,31;4,31;4,31;4,075;3,84;3,84;3,84;3,84;3,84;
01/05/1943;3,605;3,605;3,37;3,135;2,9;2,9;2,9;2,747;2,747;2,747;2,747;2,747;2,747;2,747;2,747;2,747;2,747;2,594;2,594;2,594;2,747;8,575;168,5;99;49,6;30,69;28,02;59,6;45,2;119;237,6
01/06/1943;218,4;115;111,5;126;86,1;138,5;135;151,5;256,2;171,5;91,5;113,5;89,5;70;57,2;59,2;54,4;57,2;55,6;63,2;64;62;53,2;52;43,6;36,48;31,08;26,88;25,3;24,1;
01/07/1943;23,2;26,88;25,9;24,4;34,58;36,86;33,03;38,8;48,4;43,2;77,2;128,5;87;65,2;52;43,6;37,24;32,64;28,4;25,3;23,8;22,6;19,6;17,8;17,2;15,7;14,8;14,2;13,3;103;235,8
01/08/1943;172,5;368,9;427;333,9;198;94,5;65,2;54;46,4;41,2;44;44;33,03;28,78;25,3;23,2;22;20,8;19,3;17,8;25,9;193,2;151,5;84,75;60,8;48,4;40,8;33,03;28,78;24,4;22,6
01/09/1943;21,4;50,4;76,4;51,2;41,2;34,2;29,16;25,9;23,8;28,4;35,34;28,02;55,6;68;52,4;41,2;34,96;37,24;43,6;41,2;38,4;101;78,9;60;50,8;44,4;38;33,03;28,4;25,3;
01/10/1943;23,2;21,4;19,3;18,4;21,1;23,8;26,2;22,9;22,9;40,4;28,02;22,3;22,3;89,5;104;67,2;50,4;40;33,42;28,78;25,6;36,1;27,26;23,5;20,2;17,8;19,3;28,02;33,81;23,8;20,2
01/11/1943;18,4;26,5;126,5;118;70,8;52,8;42;34,96;29,54;29,16;28,02;22,9;19,6;18,1;16,3;15,1;17,5;32,25;26,5;21,1;15,7;13,9;12,4;12,7;12,7;10,85;9,55;8,9;8,25;8,25;
01/12/1943;7,65;8,575;12,4;14,8;14,5;11,8;9,875;8,575;11,175;19,3;14,2;32,25;31,47;20,2;14,5;13,6;12,7;9,875;8,25;7,65;7,05;6,15;5,85;5,85;22,6;10,85;7,35;5,85;7,35;6,15;5,85
01/01/1944;7,95;8,25;19,6;19,9;11,8;18,4;34,96;24,1;80,7;70,4;61,2;46,8;110;92,5;71,6;119;82,5;66,4;56;41,6;32,25;25,9;25,6;30,69;28,4;26,2;22;20,8;43,6;35,34;24,4
01/02/1944;31,08;33,81;23,8;20,2;17,2;14,5;12,7;11,5;10,2;8,9;8,25;7,65;7,35;7,05;9,225;8,9;8,575;9,225;11,8;11,175;20,8;13,9;10,2;9,225;10,525;13;11,5;13;19,3;;
01/03/1944;17,8;13;12,7;10,85;15,1;19;13,3;10,2;8,575;8,25;16,6;95,5;279,6;235,8;107;66,8;129,5;225;139;76;56;42,4;34,2;28,02;24,4;19,9;18,1;16;14,5;13,6;14,2
01/04/1944;13;11,175;9,55;8,9;8,575;8,25;8,25;7,95;7,65;7,35;7,05;6,75;6,45;6,15;6,15;6,45;7,95;14,2;30,3;67,6;29,16;18,4;13,6;11,5;9,875;8,9;8,25;7,95;7,65;7,35;
01/05/1944;7,05;6,75;6,45;6,45;6,15;6,15;5,85;5,85;5,85;5,85;5,85;5,85;5,55;5,25;5,25;5,25;5,55;7,05;7,05;5,85;5,55;5,25;5,25;5,25;5,25;5,015;5,015;5,015;5,015;4,78;4,78
01/06/1944;4,545;4,545;4,545;4,78;5,25;5,55;5,015;5,015;4,78;4,545;4,545;4,31;4,31;4,31;4,075;3,84;3,84;6,15;18,7;10,525;7,05;8,9;9,875;7,35;6,45;5,85;5,25;5,015;5,015;5,015;
01/07/1944;4,78;4,78;4,78;4,545;5,015;19,9;12,7;7,95;6,45;6,45;6,45;6,15;5,85;5,85;5,55;5,55;5,25;5,25;5,25;5,015;5,015;5,015;4,78;4,78;4,78;4,545;4,545;4,545;4,545;4,31;4,31
01/08/1944;4,31;4,31;4,31;4,075;4,075;4,075;4,545;5,25;5,25;5,015;5,015;4,545;4,31;4,075;3,84;3,84;3,84;3,84;3,84;3,84;72;3,84;3,84;3,84;3,84;3,84;3,84;3,605;7,05;34,2;72
01/09/1944;38,8;20,8;13,9;10,525;8,25;7,95;13,6;12,1;8,9;7,65;7,05;6,45;5,85;5,85;5,55;5,55;5,25;5,015;5,015;5,015;4,78;4,78;4,78;4,78;5,015;5,85;5,25;5,015;4,78;4,545;
01/10/1944;4,545;4,31;4,31;7,65;7,95;5,55;5,015;4,78;18,7;12,7;7,95;6,75;17,5;25,3;16;11,5;27,26;17,8;10,525;8,9;8,9;7,05;6,15;5,55;5,25;5,25;5,25;5,25;5,55;5,25;5,015
01/11/1944;5,015;4,78;5,25;7,35;5,85;5,25;9,55;73,6;67,6;33,81;21,1;14,2;13,6;20,5;19,6;14,2;10,85;8,575;7,95;7,05;6,75;6,45;5,85;7,35;12,7;57,2;67,6;40,4;24,1;17,2;
01/12/1944;13,6;15,4;20,2;17,8;16,3;13,6;10,85;8,575;7,95;7,05;6,15;5,85;5,55;5,25;5,015;5,015;5,55;5,015;4,78;4,78;4,31;4,31;4,545;5,85;5,85;5,25;4,545;4,075;4,075;3,84;3,84
01/01/1945;3,605;3,84;3,84;3,605;3,37;3,37;3,135;3,135;3,135;3,135;2,9;2,9;2,747;2,594;2,594;2,594;2,594;2,594;6,45;3,84;4,075;5,015;5,015;4,075;3,605;3,135;3,37;5,25;6,15;5,25;24,1
01/02/1945;33,42;14,8;8,9;6,15;5,015;5,55;7,95;50;24,4;13,3;9,875;7,05;6,15;5,25;5,015;4,78;23,8;152,5;106,5;75,6;47,6;31,08;22,3;18,1;16,3;15,1;38;25,3;;;
01/03/1945;17,8;16,6;14,2;11,5;9,875;8,9;8,25;8,25;8,25;7,95;7,35;6,45;5,85;5,55;7,65;14,2;8,25;6,75;6,15;5,85;5,85;5,55;5,55;7,05;29,16;37,62;21,1;14,2;10,85;8,575;7,65
01/04/1945;6,75;6,45;6,15;5,85;5,85;5,55;5,55;5,25;5,25;5,55;7,65;6,15;6,15;6,15;5,55;5,25;5,015;4,78;4,545;4,31;4,31;4,075;4,075;3,84;3,84;3,84;3,605;3,605;4,78;5,25;
01/05/1945;5,015;4,31;3,84;3,84;3,605;3,605;3,37;3,37;3,135;3,135;3,84;3,605;3,605;3,605;3,605;3,37;4,31;5,55;5,015;4,075;3,84;3,605;3,37;3,37;3,37;3,37;3,37;4,545;4,075;3,84;3,605
01/06/1945;3,37;3,37;3,135;3,37;10,2;9,225;5,55;4,31;4,075;3,84;3,84;3,605;3,605;3,37;3,37;3,135;3,135;3,135;3,605;5,015;5,25;5,015;6,75;6,45;5,55;4,78;4,545;4,31;4,075;3,84;
01/07/1945;3,605;3,605;3,84;3,605;4,075;3,84;3,605;3,84;35,72;56,8;26,88;16,3;11,5;9,225;7,65;7,05;6,45;5,85;5,55;5,25;5,25;5,015;4,78;4,78;5,015;4,78;4,78;4,545;4,545;4,545;5,015
01/08/1945;4,78;4,545;4,545;4,78;4,545;4,545;4,31;4,31;4,31;4,075;4,075;3,84;3,84;3,605;3,605;3,37;3,37;3,37;3,37;5,25;10,85;10,85;8,25;6,75;6,15;6,15;6,15;5,85;5,55;5,25;7,95
01/09/1945;33,81;29,92;22,6;22,6;19,9;15,1;12,1;9,55;9,55;19;16,3;12,4;9,55;10,2;14,8;34,96;36,86;23,8;18,1;14,8;12,4;10,85;22,6;17,8;13,3;10,525;9,225;11,175;14,8;14,2;
01/10/1945;12,4;11,5;9,55;17,5;68,8;124,5;124;95;67,6;60,4;45,2;33,42;25,6;21,4;18,4;16;15,1;13,9;11,5;10,2;8,9;8,25;7,65;7,05;6,45;6,15;6,75;36,86;23,8;14,8;11,175
01/11/1945;13,6;13;9,55;7,65;7,05;7,65;6,75;6,15;8,9;7,35;6,45;5,85;5,25;8,25;7,95;5,55;5,25;5,015;4,78;4,545;4,545;5,015;4,78;4,78;5,015;6,15;6,45;9,875;13,9;7,65;
01/12/1945;5,25;4,78;4,075;3,84;6,75;9,55;6,75;5,015;4,545;4,075;3,84;3,84;3,84;3,84;8,9;33,03;22,9;13,6;8,575;6,75;6,45;6,15;5,85;5,55;5,25;5,015;5,25;15,1;19,6;10,2;7,35
01/01/1946;5,85;6,15;8,25;11,5;8,575;15,1;17,8;13,3;11,5;12,7;10,525;9,55;76,4;108,5;55,6;33,81;25,3;18,7;22,9;30,3;21,4;17,5;15,4;21,7;40;57,2;52,4;63,6;48,8;53,2;40
01/02/1946;231,6;396,9;277,8;134;63,2;44,4;36,1;32,25;30,69;24,7;25,6;21,7;18,4;18,4;97;81,15;79,8;90;139,5;114,5;88;59,6;44,8;38;53,6;134;98;76,8;;;
01/03/1946;72,4;86,55;135;204;173;112,5;69,6;50,8;42;34,96;65,2;52,8;49,2;178,5;228,6;182,5;124,5;73,6;56;45,6;37,62;33,03;28,4;64,4;85,65;49,2;32,25;27,64;23,5;21,7;62
01/04/1946;79,8;59,2;46;36,1;31,08;38;35,72;28,78;25;23,5;25,6;21,1;18,1;15,7;14,5;13,9;13;12,1;11,5;10,525;9,875;8,9;8,575;8,25;7,95;7,65;7,65;7,35;7,35;6,75;
01/05/1946;6,75;6,75;6,75;6,75;6,45;6,45;6,45;6,15;5,85;5,85;7,35;18,1;19,6;12,7;11,8;8,575;7,65;8,575;60,8;60;40,4;29,54;22,6;16,6;13,3;11,8;10,525;10,2;9,225;8,575;9,55
01/06/1946;14,8;48,8;30,3;22;17,8;15,7;14,5;12,7;11,5;10,85;10,2;9,225;8,575;8,25;8,25;7,95;7,65;7,35;7,35;7,35;8,575;13,3;238,8;231,6;168;106;69,6;55,2;111;92;
01/07/1946;65,2;52,8;43,6;39,2;37,24;33,03;58;79,8;55,6;50,8;43,2;39,2;68;84,75;68,4;164,5;138;90,5;67,2;53,6;48;42;38;40,4;32,64;30,3;26,2;24,4;21,7;20,5;19,6
01/08/1946;17,5;16,3;15,4;14,5;13,6;13,3;13;12,4;11,8;10,85;9,875;8,9;10,525;9,875;8,9;8,575;7,95;7,95;7,65;7,65;7,65;10,2;14,5;13,3;11,8;10,2;17,8;148,5;244,2;150,5;70,4
01/09/1946;46,4;37,24;30,3;25,6;22,9;20,2;17,5;15,7;14,8;14,2;13,3;12,4;11,8;11,175;10,525;9,875;8,9;8,575;8,25;8,25;7,95;7,65;10,2;10,525;9,55;8,9;8,25;7,35;10,85;9,55;
01/10/1946;7,35;6,75;6,75;6,45;6,75;6,45;8,9;24,4;18,1;10,525;7,95;6,75;7,05;7,65;8,575;15,7;174;101,5;116;149,5;81,6;54;42;42,4;36,48;32,25;30,3;29,92;40,8;28,4;23,5
01/11/1946;22,9;23,5;32,25;26,88;22,3;19;16,6;15,7;22,3;17,5;14,5;12,7;12,1;11,175;9,875;8,9;75,6;37,24;23,8;20,2;19;16,6;13,3;12,1;11,175;14,5;12,1;9,875;8,9;7,65;
01/12/1946;6,15;5,55;5,85;6,15;6,75;6,45;6,15;6,15;5,85;5,85;120,5;120,5;77,6;53,6;40,8;29,54;25,9;23,8;22,6;31,86;33,03;38,4;73,6;50;37,24;28,78;23,5;19,6;16,9;14,8;13,3
01/01/1947;14,5;13;11,5;12,1;25,3;28,78;16,3;19;72,4;48;33,81;33,03;27,26;34,58;58,8;33,42;29,16;28,78;34,58;33,03;24,7;19,9;16,6;14,5;13;11,175;10,85;13,6;11,8;14,2;12,1
01/02/1947;13,6;15,4;12,1;12,4;22;21,7;23,8;20,5;17,8;23,5;76,4;84,3;171;121;74,4;62,4;40,4;52;130,5;192,6;164;101;74,4;85,65;80,25;124,5;81,6;50,8;;;
01/03/1947;51,2;80,7;63,2;41,2;58,8;58,4;53,2;41,6;33,42;27,64;27,64;38;32,25;28,4;26,2;30,3;36,48;34,2;28,02;22,9;19,9;18,1;17,5;16;15,1;14,2;13,6;12,7;12,1;11,175;11,5
01/04/1947;11,8;11,5;11,175;10,2;9,55;8,9;8,575;11,5;12,7;10,2;11,175;10,525;9,225;8,25;7,65;7,05;6,75;7,95;7,65;7,05;7,65;7,95;6,75;6,15;5,55;5,25;5,25;6,15;5,55;6,45;
01/05/1947;5,55;5,25;9,875;15,4;13,3;9,55;8,25;7,35;7,05;6,75;6,45;6,15;6,15;5,85;5,85;5,55;5,55;5,55;10,525;12,7;11,175;10,2;12,4;16,6;11,175;9,225;8,575;7,95;7,65;7,35;6,45
01/06/1947;5,55;5,25;5,25;5,25;5,015;4,78;4,78;4,545;4,545;4,545;8,9;22,3;24,4;102,5;53,6;31,86;24,7;19,9;19;19,3;17,8;21,1;33,03;25;24,7;22;19,6;17,5;17,2;15,4;
01/07/1947;13,3;12,1;20,2;82,5;55,2;34,96;27,26;23,2;18,7;16,6;14,8;13,3;12,4;11,175;10,2;9,55;8,9;8,575;8,575;8,25;8,25;8,25;7,95;7,95;7,65;7,35;10,2;26,2;32,25;22;22,3
01/08/1947;159,5;94,5;54,4;39,2;32,25;35,72;33,42;37,62;68,4;80,7;97,5;70;50;39,6;33,03;28,4;24,7;21,4;19,6;18,1;16,6;15,7;14,5;13,9;13;12,1;15,7;19,9;17,5;14,5;17,8
01/09/1947;110,5;249;175,5;91;60,8;50;42,4;36,1;41,2;41,6;33,03;28,4;25,6;28,02;36,86;37,62;66,8;84,75;155;149;92,5;66,4;64,8;156;202,8;165;121,5;97,5;134,5;111;
01/10/1947;89,5;96,5;120,5;117;98;86,1;72,4;83,85;107,5;83,85;67,2;56,4;46,4;39,6;34,96;31,08;28,4;30,3;30,3;62,4;56;46,4;39,6;54,4;223,8;206,4;114,5;73,2;58;55,6;49,6
01/11/1947;43,6;48,4;145,5;100,5;70;56;46,8;38,4;31,86;28,78;25,9;25;24,7;25,9;24,7;22,9;20,2;17,5;15,4;13,9;13;14,2;13;12,7;12,1;11,8;11,175;10,525;9,875;9,55;
01/12/1947;9,225;34,58;41,2;29,54;23,2;17,2;13,9;12,4;9,875;47,2;78;44,8;30,69;24,4;19,9;17,8;23,2;30,69;28,78;25;22,9;21,7;23,2;22,3;20,5;16;14,2;14,2;30,3;24,4;18,4
01/01/1948;15,7;12,1;8,9;10,525;15,4;19,6;13,9;10,85;9,225;8,25;8,9;8,9;8,9;7,95;8,25;7,65;7,35;8,575;14,8;21,7;38,4;50,8;65,2;47,2;33,03;75,2;53,6;33,81;30,69;42;28,4
01/02/1948;23,5;20,2;24,1;23,5;21,4;23,8;21,4;16,9;21,7;28,4;28,78;44;52,8;44,8;158;128;86,1;66,4;60,4;78,9;69,2;48;45,2;43,6;34,2;50;63,6;65,6;85,65;;
01/03/1948;94;72;52,8;41,6;32,25;27,26;25;23,8;22;23,5;69,6;85,65;54,8;43,2;34,2;28,02;24,1;21,7;40,4;33,81;26,88;22,9;18,1;25,3;56,8;79,35;62,4;42;32,64;27,26;26,2
01/04/1948;24,4;24,1;46,4;156,5;98;64,4;49,2;43,2;44,8;33,81;27,26;24,1;22,3;20,8;20,2;22,9;21,7;19,9;17,8;15,7;14,5;13,6;12,4;10,85;10,2;9,55;8,9;9,225;8,9;8,25;
01/05/1948;11,175;13;25;50;25,6;24,1;23,2;22;20,5;18,1;16;13,6;12,4;11,175;10,525;20,5;459,9;500,5;408,8;283,2;153,5;74,4;58,4;50,8;42;36,86;34,2;66,8;67,6;52;42
01/06/1948;35,34;31,86;28,78;25,9;23,8;21,4;19,3;18,1;17,2;17,2;16,9;16;15,1;14,2;13,3;12,1;11,5;10,85;10,525;9,875;9,875;9,55;9,225;8,9;8,9;8,575;8,575;8,25;8,25;7,95;
01/07/1948;7,65;7,35;8,575;8,575;7,95;7,65;7,35;7,05;7,05;6,75;6,45;6,15;6,15;6,75;6,75;7,65;28,02;64,8;25,3;20,5;15,7;12,4;11,175;18,4;29,54;38;109,5;59,6;40;34,96;64
01/08/1948;199,8;271,8;184,5;96,5;122;177;125;195;147;92,5;68;53,2;47,6;39,2;34,2;29,54;26,2;23,8;21,7;20,2;18,7;17,5;16,6;16;16,6;30,3;26,2;19,6;17,2;15,1;14,2
01/09/1948;13,6;13;12,1;11,8;11,5;10,85;9,875;9,225;9,225;9,225;10,525;13;12,4;23,5;19,9;15,4;12,7;13;13;11,175;10,525;9,875;9,225;8,575;8,25;7,95;10,525;9,225;8,25;7,95;
01/10/1948;7,65;7,35;7,05;14,5;20,2;11,8;8,9;8,25;7,65;7,65;17,8;25;18,7;13,6;10,85;8,9;7,65;7,35;7,05;6,75;7,65;7,05;6,75;8,9;11,5;9,55;10,85;50,4;63,6;47,6;27,64
01/11/1948;22,9;18,4;14,8;12,4;11,8;12,1;11,8;48;39,6;33,03;27,26;38;50,8;33,03;28,78;24,7;22,9;19;15,4;13;12,7;12,4;8,575;11,175;10,2;12,4;12,4;11,8;9,55;7,95;
01/12/1948;7,35;7,05;6,75;6,15;5,55;5,55;5,25;8,575;7,05;8,9;7,35;6,45;6,15;5,55;5,25;5,25;6,45;6,45;5,85;5,55;5,25;5,015;5,015;4,78;4,78;7,05;5,85;5,25;5,015;4,78;4,545
01/01/1949;4,31;4,31;4,31;4,31;4,31;4,075;4,78;12,7;49,6;54,8;28,02;15,7;11,8;21,1;15,1;12,7;17,8;14,8;9,225;7,35;6,45;5,55;5,25;5,015;5,015;4,78;4,78;4,78;4,78;4,78;4,545
01/02/1949;4,545;4,545;4,545;4,545;4,31;4,31;4,31;5,015;4,78;4,545;4,31;4,31;4,075;4,075;4,31;6,45;7,05;6,75;6,15;5,55;5,015;4,78;4,545;4,545;4,31;4,075;3,84;3,37;;;
01/03/1949;4,545;5,015;8,25;19;15,4;8,25;15,7;11,8;10,525;7,35;5,85;5,015;4,78;4,78;4,545;6,45;6,75;7,05;14,8;31,47;21,4;14,8;13,3;9,875;7,65;7,35;8,25;13;23,5;22,6;14,2
01/04/1949;18,7;179,5;172,5;78;40,8;25,3;20,2;16;13,9;11,8;9,875;9,225;8,575;7,95;7,65;7,65;7,35;6,75;5,85;5,55;5,015;4,78;4,78;9,55;45,6;23,5;15,4;10,525;8,575;7,65;
01/05/1949;7,35;7,05;8,575;13,3;14,2;10,525;8,9;7,65;7,05;6,45;9,225;13;9,225;7,35;6,45;5,85;5,55;5,25;5,25;5,85;5,55;5,25;5,25;5,015;5,015;4,78;4,78;4,78;4,545;4,545;4,545
01/06/1949;4,545;4,31;4,075;4,075;6,45;19;16;10,525;17,2;40,8;186,5;114;47,6;35,72;94,5;73,6;49,2;35,34;29,16;22,3;20,2;18,7;17,2;15,1;13,6;12,4;11,8;11,175;10,85;9,875;
01/07/1949;8,575;7,95;7,65;7,05;7,05;7,05;7,95;7,65;7,35;7,05;6,75;6,75;6,75;6,75;6,75;6,75;11,5;8,25;7,35;7,05;7,05;7,05;8,25;8,25;7,65;7,35;7,05;7,05;7,05;6,75;6,45
01/08/1949;6,45;6,45;6,15;6,15;6,15;15,1;91;61,6;49,6;46;40;31,86;23,2;19,6;16,9;15,1;13,6;12,4;11,175;11,5;15,7;13;13,6;12,4;10,525;9,225;12,7;20,2;23,8;20,2;16,6
01/09/1949;14,2;12,7;10,85;9,225;11,8;11,175;9,55;8,575;8,25;7,95;8,9;60,8;53,2;40,4;48,8;60,8;90;77,6;53,2;43,2;44,8;41,2;31,86;25,6;23,2;21,1;19,6;19;17,2;42,4;
01/10/1949;34,2;28,02;20,2;24,1;43,2;40,8;28,78;24,4;19,9;18,1;16,6;15,7;17,2;15,4;13,6;12,1;11,5;12,4;13,9;14,5;29,54;32,64;22,3;17,2;14,2;12,4;11,8;16,9;19,9;16,3;11,5
01/11/1949;9,55;8,25;7,95;7,95;7,65;10,525;10,525;9,225;9,875;14,2;12,4;9,225;9,225;8,25;7,35;7,05;6,15;5,55;5,25;5,015;5,015;4,78;5,015;9,875;11,175;9,55;8,575;7,95;6,75;6,15;
01/12/1949;5,55;5,015;4,545;4,31;4,075;3,84;8,9;11,175;12,7;8,9;7,35;6,45;5,85;5,25;5,015;5,015;5,55;5,015;4,78;4,545;4,31;3,84;3,84;3,84;3,605;3,605;5,25;16;25,6;34,2;18,1
01/01/1950;15,1;12,1;16;20,8;60;52,8;46;33,81;97;179,5;163,5;82,05;54,4;40,4;29,16;23,2;20,2;16,6;26,2;22,3;16,9;15,4;44,4;34,2;40,4;29,16;20,5;16,3;14,8;42;28,02
01/02/1950;22,3;44;87;87,5;58,4;39,2;28,02;25,9;26,5;21,1;32,64;26,5;23,2;20,5;19;16,3;14,2;25;34,2;72,8;95;82,5;64,8;49,6;34,96;27,64;22,9;20,2;;;
01/03/1950;50,8;180,5;181,5;167;171,5;117;73,6;54;44,4;36,48;28,78;23,2;21,1;22;20,2;19,6;19;17,8;16,6;14,8;12,7;11,5;10,525;9,875;9,225;8,575;7,65;9,225;10,85;12,1;10,525
01/04/1950;9,225;9,225;10,525;9,225;8,575;8,25;8,25;7,65;7,05;6,45;6,15;7,35;12,7;9,225;7,35;6,45;5,55;5,55;6,75;6,15;8,575;15,7;11,8;8,9;8,575;8,25;7,95;7,35;6,45;5,55;
01/05/1950;5,25;5,25;7,35;6,45;6,15;5,85;5,55;5,25;5,015;4,78;4,78;4,545;4,31;4,075;4,075;5,015;5,015;5,015;15,1;67,6;52,4;38,8;19,9;14,8;11,8;9,55;7,35;6,45;5,85;5,55;7,05
01/06/1950;11,5;12,4;9,225;7,95;7,05;13,9;54,4;41,6;25,9;19,3;15,1;13,3;11,8;11,175;10,525;10,2;9,55;8,25;7,65;6,75;6,15;6,45;6,15;6,15;6,15;5,85;6,15;6,15;5,55;5,25;
01/07/1950;5,25;5,015;5,015;5,015;5,85;5,25;6,45;5,55;24,1;25,3;14,5;10,2;8,25;7,05;6,75;6,45;6,15;5,85;5,85;5,55;5,55;5,25;5,015;5,015;5,015;4,78;4,78;4,545;4,545;4,545;4,31
01/08/1950;4,31;5,55;7,65;7,35;6,15;5,55;5,25;5,25;5,85;11,5;29,16;57,2;198,6;177,5;82,05;50,4;37,62;28,78;23,5;21,4;31,86;26,2;21,4;17,5;15,4;13;11,175;10,85;9,875;8,9;8,25
01/09/1950;8,25;7,95;7,65;8,575;7,95;7,95;7,95;18,1;73,6;40,4;26,5;20,8;15,1;13,3;12,1;10,2;8,9;8,575;12,1;10,525;16,9;24,7;51,6;57,2;38;27,64;21,7;17,2;16;14,8;
01/10/1950;13,6;12,7;11,5;10,525;13;21,4;16,9;12,7;16,6;22,3;36,1;112,5;85,65;64;202,2;387,8;427,7;324,1;198,6;108,5;69,6;52,8;44,4;37,62;30,69;26,5;24,1;21,7;18,4;17,5;17,5
01/11/1950;16,9;15,1;13,3;11,8;10,85;9,55;8,25;11,5;15,1;13;11,5;17,5;25,9;18,4;13,6;11,8;9,55;7,35;11,8;10,2;19;13,9;11,8;9,55;9,225;8,9;8,25;11,8;11,5;9,55;
01/12/1950;8,575;8,25;11,175;11,8;19,3;18,4;19;16,9;13,9;10,525;8,9;8,25;23,5;35,34;25,3;16,6;13;10,85;9,875;19,6;20,2;12,4;14,8;15,4;17,5;14,2;23,5;36,48;29,92;25,9;18,4
01/01/1951;12,4;11,5;10,85;11,175;61,6;112;61,2;35,34;25;31,47;33,42;25,3;22,3;42,4;54;31,86;33,03;93;192;159;78,9;72;71,6;69,2;47,2;68,8;50,4;41,2;89;152,5;107,5
01/02/1951;108,5;99,5;105,5;125,5;158,5;175,5;138,5;96;74,4;57,6;47,2;39,2;33,81;29,16;27,26;29,54;64;68,4;102;67,2;50,4;64;324,1;368,9;253,2;162,5;170;154;;;
01/03/1951;136,5;101,5;82,05;76,4;70,8;83,4;98;83,85;66;54,4;48,4;45,6;37,24;40,8;48,8;36,1;34,96;42,4;36,48;33,42;26,5;23,8;21,7;17,2;14,8;14,5;14,2;13,9;13,6;12,4;12,1
01/04/1951;19;29,16;23,5;16,3;14,5;13,3;11,175;10,85;10,525;10,2;9,875;9,55;8,9;10,525;13;11,175;9,55;9,225;8,25;7,65;7,05;7,05;7,05;6,75;6,75;6,75;6,75;7,05;6,75;6,75;
01/05/1951;6,45;7,05;6,45;6,45;6,15;6,15;5,85;5,85;5,85;5,85;5,85;5,55;5,25;5,25;5,015;5,015;4,78;4,78;5,015;5,015;5,015;5,015;4,78;4,78;4,545;4,545;4,545;4,31;8,25;9,225;7,65
01/06/1951;5,85;5,55;5,55;5,015;4,78;4,78;4,545;4,545;4,31;4,31;4,075;4,075;3,84;3,84;3,37;3,84;3,605;3,605;3,37;3,37;3,37;3,37;3,37;3,37;3,37;3,84;9,225;34,2;22,3;17,5;
01/07/1951;12,7;10,525;18,4;70;31,86;16,3;11,5;21,7;19;13;11,175;9,225;8,575;7,65;6,75;6,45;6,15;5,85;5,85;5,55;5,55;5,25;5,015;5,015;5,015;4,78;4,78;4,78;4,545;4,31;4,31
01/08/1951;4,31;4,075;4,075;4,075;4,31;4,31;4,075;4,075;4,075;3,84;3,84;3,84;3,605;3,605;3,605;3,605;3,605;3,37;3,37;3,37;3,37;3,37;3,37;4,075;4,075;4,075;3,84;3,84;3,605;3,605;3,605
01/09/1951;3,37;3,37;3,37;3,37;3,37;3,135;3,135;3,135;3,135;3,135;3,135;3,135;3,135;3,135;2,9;2,9;16,9;24,4;16;7,65;6,15;4,545;4,075;3,84;4,545;5,25;5,25;4,78;4,31;3,605;
01/10/1951;3,37;3,37;3,135;3,135;6,45;6,15;5,25;4,545;4,075;3,84;4,31;3,84;13,6;48,8;220,2;99,5;51,6;267;391,3;324,1;255,6;140;76,4;56,8;73,6;85,65;60;186,5;249,6;131,5;65,6
01/11/1951;53,6;41,6;33,03;25,9;23,8;22;19,9;18,7;17,2;15,4;13,6;12,7;29,54;45,2;81,6;51,2;32,64;25,9;22,3;21,1;19,9;17,5;14,5;27,26;100;70,4;48;37,62;31,47;25,6;
01/12/1951;23,8;24,7;31,08;26,88;22,6;19,3;17,2;16,3;16;14,8;13,6;12,1;10,85;9,875;9,225;11,5;10,85;9,875;8,9;7,35;6,75;38;45,6;30,69;21,1;13,9;12,1;14,8;19;18,7;13
01/01/1952;11,175;9,225;7,95;7,05;6,75;13,6;12,7;10,85;8,9;8,25;7,95;15,4;12,1;9,875;10,85;9,55;8,575;7,65;6,75;5,85;5,25;5,015;28,4;89;99;78,45;51,6;26,5;21,1;17,8;30,3
01/02/1952;28,02;23,5;19,3;16,6;14,5;13,9;12,1;9,875;8,25;7,05;5,85;5,25;5,25;5,015;5,015;4,78;4,78;10,525;8,9;18,4;17,2;13,3;8,9;7,05;6,45;15,7;15,7;12,4;13;;
01/03/1952;9,55;8,25;7,35;6,45;5,85;5,55;5,25;5,25;5,015;5,015;8,25;10,85;7,65;6,45;5,25;5,25;16,9;13,9;13;13,9;12,4;10,85;10,2;9,225;8,575;7,35;6,45;5,85;5,55;18,4;26,88
01/04/1952;19,6;16;13,3;8,575;7,95;7,35;6,45;5,85;5,25;5,25;5,015;6,15;5,55;5,015;5,015;4,78;4,78;4,31;4,31;4,075;4,075;3,84;3,84;3,605;3,37;3,37;3,135;3,135;3,135;3,135;
01/05/1952;3,135;2,9;2,9;2,9;2,9;2,9;2,9;2,747;2,747;2,747;2,747;2,747;2,747;2,747;2,747;2,594;2,594;2,594;2,594;2,594;2,594;2,747;5,25;7,35;5,015;6,45;7,05;20,5;22,6;9,55;6,45
01/06/1952;5,25;4,78;4,075;4,075;18,7;21,4;12,4;7,95;17,5;14,8;9,875;7,95;6,45;13,9;17,2;20,8;169;81,15;34,96;20,8;14,8;11,175;8,25;7,05;5,85;5,015;4,31;4,31;19,6;19,3;
01/07/1952;15,7;13,9;11,8;9,875;8,25;6,45;5,55;5,25;5,015;4,78;4,31;3,84;8,575;185;64;31,86;23,5;21,7;17,8;17,2;16;30,3;31,47;20,8;19,6;15,4;13,3;11,5;10,2;9,225;8,575
01/08/1952;7,65;7,05;6,45;8,575;6,15;5,015;4,545;3,84;3,37;3,37;3,135;3,135;4,31;3,84;3,605;3,605;3,605;5,015;4,78;4,545;4,545;4,31;4,075;3,84;3,605;3,37;3,135;2,747;2,594;2,594;2,594
01/09/1952;2,594;4,075;18,1;102,5;146;229,2;321,3;191,5;78,45;47,6;38,4;29,16;26,2;22,9;19,6;28,02;34,58;42;90;58,4;40,8;30,69;23,2;19,3;16,3;14,2;12,7;11,175;13,3;17,2;
01/10/1952;12,1;9,225;6,75;6,15;5,55;4,78;13;22;31,47;25;20,5;32,25;68;265,2;219,6;134,5;58;64,4;202,2;150,5;84,75;54,8;39,6;34,58;27,64;34,2;34,2;153,5;156;136,5;98,5
01/11/1952;71,2;78;168,5;251,4;212,4;138;87,5;62,4;56,4;44;38;33,03;24,7;20,5;18,1;17,2;16;15,1;25,6;38,8;25,9;21,7;17,5;15,4;14,2;12,7;11,8;11,175;10,525;10,525;
01/12/1952;20,5;15,4;13,6;12,1;16,9;14,5;12,1;10,2;12,1;13;12,1;21,1;25,3;27,64;22,6;17,8;13,9;16,3;13;10,525;9,55;8,25;7,35;6,75;6,45;7,35;6,15;5,25;6,45;9,875;23,8
01/01/1953;29,16;22;15,1;30,69;25,9;26,2;47,6;66,4;51,2;28,4;23,2;38,8;29,92;23,5;22,6;26,88;23,8;21,1;17,2;16;15,7;15,1;13,3;11,5;46;39,6;28,4;24,1;19,3;29,54;47,2
01/02/1953;38;43,2;32,25;22;18,4;14,8;10,525;16;40;34,96;155,5;160;235,2;207,6;170,5;90,5;62;53,6;35,34;26,88;24,1;20,5;19,6;22,9;20,5;21,4;16,9;13,9;;;
01/03/1953;11,175;9,55;14,5;18,4;19,9;28,78;20,5;21,7;36,1;33,03;34,2;51,6;36,48;23,5;19,6;17,2;15,7;14,2;12,4;11,175;10,525;14,8;14,2;17,8;13,3;10,85;10,525;9,875;8,575;7,65;6,75
01/04/1953;5,85;5,25;7,35;6,15;5,55;11,5;15,1;13,6;9,875;7,05;5,55;5,25;5,25;5,015;5,25;13,3;12,7;8,9;6,15;5,55;5,25;6,15;5,25;5,015;4,545;4,075;3,84;3,605;3,37;3,135;
01/05/1953;3,135;3,135;3,135;3,135;3,135;3,135;2,9;2,9;2,9;3,135;5,25;4,31;3,84;4,545;5,25;4,545;4,31;4,545;4,31;4,075;3,84;3,37;3,135;3,135;13,3;27,26;13,9;19,3;13,6;18,4;26,2
01/06/1953;16,6;12,7;7,95;6,45;5,85;5,25;5,25;5,85;5,85;5,55;4,78;4,075;3,84;3,605;3,605;3,37;3,37;3,135;3,37;3,135;3,135;3,135;3,135;2,9;2,9;2,9;2,747;2,747;2,747;2,594;
01/07/1953;2,747;2,594;2,747;4,31;5,015;3,84;2,9;2,747;2,747;2,747;3,135;3,135;3,135;3,135;2,9;2,594;2,594;2,594;2,747;2,9;3,135;4,545;31,08;24,1;13;8,25;7,05;5,55;4,78;4,545;4,075
01/08/1953;4,075;3,84;3,84;3,84;3,605;3,37;3,135;2,9;2,9;2,747;2,747;2,747;2,747;2,747;2,594;2,594;2,594;2,594;2,9;3,37;13,6;8,575;4,78;5,55;5,015;4,78;5,25;8,25;19;69,2;35,34
01/09/1953;21,1;16;12,7;9,875;7,65;5,55;5,25;5,25;6,45;7,95;8,25;7,05;6,15;5,55;29,92;104;48;29,16;21,7;16,3;14,2;12,4;10,525;25,3;25;21,7;23,8;16,6;13,3;11,175;
01/10/1953;10,2;10,525;13,3;13;15,7;16,9;13,6;10,85;8,9;8,25;7,95;10,2;49,2;34,96;26,88;65,2;133;124,5;86,55;60;47,6;38,8;76,4;72,4;56,8;45,6;40,8;71,2;200,4;151,5;350
01/11/1953;387,8;290,4;175,5;82,05;57,6;46,4;38,8;35,34;29,92;27,64;25,9;64,4;188;215,4;138;87;62;50,4;42;36,86;31,86;27,64;23,5;20,5;18,4;17,2;15,7;14,2;19,9;25,3;
01/12/1953;22;19,3;16;36,1;95;74;102;72,4;50,4;37,24;30,69;37,62;30,69;32,64;28,78;46,4;50;36,48;29,16;25,6;19,9;17,5;15,4;13,6;12,4;10,525;8,575;6,75;5,85;5,55;5,25
01/01/1954;5,25;5,015;5,25;6,75;6,15;5,85;6,75;7,65;6,45;6,15;5,85;25,3;25,6;25,9;58;71,2;55,2;52,8;62;44,8;30,3;23,2;18,4;15,4;13,6;14,5;23,8;19,3;22,3;17,5;18,4
01/02/1954;17,2;15,4;12,4;11,175;10,2;8,9;10,525;13;12,1;7,65;5,85;5,85;5,25;5,015;10,525;14,5;12,4;10,85;12,7;8,25;7,95;8,25;39,2;49,2;51,6;31,86;36,1;64,8;;;
01/03/1954;53,2;37,24;28,4;38,4;58,8;45,2;79,8;204,6;177,5;94;54,4;44;40,8;55,2;45,2;37,62;29,92;29,92;24,7;20,8;18,1;15,7;13,6;12,4;11,5;10,2;9,875;13;13;11,175;14,8
01/04/1954;114;179,5;161,5;74,4;52;40,8;35,72;28,78;25,3;22,6;20,5;25,3;23,5;25,9;22,6;19,3;17,5;16;14,5;13,3;12,1;11,175;10,2;9,55;8,9;9,875;20,5;52,8;30,69;22,6;
01/05/1954;20,2;18,1;15,1;14,5;16,9;16,3;15,7;14,8;14,2;53,2;141;81,6;133,5;129,5;81,6;63,6;145,5;184;169,5;116,5;76,8;60;48,8;40,8;40,4;40;35,34;28,78;25,3;23,2;22
01/06/1954;21,1;19,6;19;17,5;23,5;24,7;25,3;22,9;21,7;27,64;57,6;62;82,05;87,5;82,5;128,5;154;139,5;127;113;86,55;66,8;60;47,2;36,48;32,64;29,54;27,26;25,6;24,7;
01/07/1954;25,3;31,08;73,6;86,1;94,5;72,4;54,4;44,8;36,86;33,81;30,3;27,26;43,6;52,4;79,8;211,8;157,5;131,5;113;84,75;66,8;58,8;48,8;59,6;66,8;72,4;66,8;58,8;52;47,2;42,8
01/08/1954;39,6;36,1;31,86;27,26;24,4;22,3;20,2;18,7;17,8;16,6;15,4;14,5;14,2;13,6;13;12,7;11,8;11,175;10,85;10,2;10,2;12,1;12,1;10,85;9,875;15,7;14,2;13,3;12,4;11,8;10,85
01/09/1954;9,875;9,55;9,225;8,9;18,1;44,8;34,96;26,2;31,47;101;126,5;147;150;92;70,4;105;97;88;129,5;126,5;104;76;69,2;64,4;59,6;55,6;74,8;155,5;158;110,5;
01/10/1954;76;68,4;61,2;54,8;45,6;68,4;77,2;74,8;69,6;78;73,2;67,2;61,2;55,6;50,4;49,6;125;163;145;148;345,1;591,5;462;362,6;211,2;98;62,8;56;48;40,8;34,58
01/11/1954;30,69;26,5;24,4;22,6;20,5;18,4;17,8;17,5;16,3;14,5;14,5;13,9;13;12,7;10,525;9,55;8,25;7,95;6,75;6,45;6,15;5,85;5,85;5,85;5,25;5,25;5,25;5,25;5,85;5,85;
01/12/1954;5,25;5,015;5,015;5,015;5,25;3,605;3,135;2,9;2,9;2,9;3,135;5,015;4,78;3,37;2,9;2,9;3,37;7,35;19,6;7,65;5,55;5,015;4,78;4,545;5,85;8,25;6,15;4,545;4,31;4,31;4,31
01/01/1955;4,075;3,84;3,135;2,9;2,9;2,9;2,9;4,075;16,9;11,8;9,225;13;7,95;6,75;6,15;7,35;12,7;13,6;9,225;6,75;5,55;5,25;4,075;3,135;2,9;2,747;2,594;2,441;2,594;5,55;5,015
01/02/1955;4,545;22;25,3;13,9;7,65;5,85;6,15;4,545;3,84;7,05;16,3;15,7;22,9;17,5;11,5;7,05;17,5;15,4;10,2;11,175;78,9;96,5;75,2;54;39,2;21,4;35,34;37,62;;;
01/03/1955;24,4;18,7;13,9;11,5;25;56,8;44,8;33,03;22,6;34,58;29,92;20,2;12,4;8,25;13,6;14,2;8,575;5,55;5,015;4,78;4,545;3,84;4,075;7,35;9,875;31,47;155;95,5;58,4;45,6;36,48
01/04/1955;27,26;22,9;20,5;14,8;13,3;19,3;18,4;14,2;11,8;23,8;19,6;13;11,5;10,525;26,2;41,2;27,26;24,1;34,58;66;55,6;42,8;31,86;22,9;19;16,3;16,9;17,8;16;12,1;
01/05/1955;11,5;10,2;8,9;8,25;7,95;7,95;7,65;7,35;7,05;7,05;7,05;6,45;6,15;5,25;5,015;4,78;12,1;159,5;355,6;306,6;259,8;192,6;146;109;73,6;44;25;21,7;19,6;17,5;17,5
01/06/1955;14,8;13,9;13,3;13;12,7;11,5;10,85;11,5;11,175;9,875;8,9;56,8;118,5;81,6;60;92;126,5;156,5;94,5;72,8;60,8;55,2;54,8;48;39,6;29,92;26,2;25,3;23,8;22,6;
01/07/1955;18,1;19,6;20,8;104,5;122,5;131;219;164;130,5;183,5;185;136,5;91;69,6;56;48,4;41,6;37,62;34,2;33,81;30,69;26,2;22,9;19,3;17,5;16,6;15,7;58,8;126,5;151;93,5
01/08/1955;72,8;58;47,2;40,8;34,58;32,64;29,16;25,9;27,26;47,6;39,2;33,81;31,08;26,2;24,7;21,4;18,1;17,5;16,3;15,1;13,9;17,5;17,2;17,2;21,7;33,03;51,6;49,6;46,8;38,4;33,81
01/09/1955;28,78;23,2;102;281,4;222;136,5;86,55;70,8;58,8;49,6;42,4;41,2;34,58;33,81;30,3;28,4;23,5;21,4;20,2;18,7;17,2;16;15,1;14,5;14,2;13,6;12,4;11,8;11,5;11,175;
01/10/1955;18,4;14,2;11,5;10,525;8,9;8,9;8,575;8,575;8,575;10,525;10,85;13,6;40;22;14,5;12,4;11,8;11,5;10,85;8,9;12,7;14,8;10,525;8,9;8,25;8,25;8,25;14,8;13;10,525;9,875
01/11/1955;16,3;21,1;15,7;11,8;9,875;8,575;8,25;8,575;8,25;8,9;8,25;7,95;7,35;7,05;6,45;6,15;7,95;7,05;6,15;7,95;14,8;62,8;66;33,03;23,5;16;12,7;10,85;10,2;9,55;
01/12/1955;11,175;24,1;163,5;139,5;63,6;64,8;58,8;46,8;38,8;30,3;24,7;30,69;23,5;19;15,4;13;12,1;10,85;9,875;8,575;8,25;7,65;7,35;7,35;7,05;21,1;23,2;16,3;12,4;16,3;14,8
01/01/1956;11,8;10,2;8,9;8,25;7,05;7,65;6,45;13,9;11,8;9,55;8,575;8,25;7,05;6,45;10,525;16;17,2;15,4;54;77,2;53,6;94,5;173,5;179,5;149;75,6;68;111,5;196,2;249;210
01/02/1956;131,5;78,45;61,6;51,6;43,6;34,58;29,54;27,64;68,8;51,2;38,4;44,4;48;60,8;56,8;48,8;36,86;30,3;23,8;20,2;19,6;17,5;20,2;27,64;26,2;20,8;33,81;28,78;23,8;;
01/03/1956;19,9;17,5;15,7;13,3;11,5;10,85;9,875;8,575;7,65;7,95;8,25;9,55;10,85;14,5;15,7;10,85;10,85;32,64;31,08;22;15,1;16,6;22,6;19,6;16;13,6;16,3;27,64;98,5;69,2;53,6
01/04/1956;59,2;41,2;31,08;27,26;32,25;43,2;47,6;40,4;32,64;55,2;115;66,4;46;39,6;31,86;26,5;22;18,7;18,7;18,4;16;16,9;21,4;20,8;17,8;15,4;17,5;87;52,4;36,86;
01/05/1956;28,78;32,64;25;31,86;111;124,5;89;141;124;96;73,2;60;49,6;41,2;33,81;29,16;26,5;23,5;20,8;18,4;21,7;23,8;19;16;13,6;11,8;11,175;10,85;10,2;11,175;14,2
01/06/1956;13;11,8;10,2;8,575;8,25;9,875;9,55;8,25;7,05;6,15;7,35;7,95;8,575;12,1;42;46;29,54;21,7;17,5;15,4;14,2;13,3;13,3;28,4;24,7;22;23,2;19,9;18,1;17,5;
01/07/1956;16,6;16;15,4;17,5;30,3;26,2;22,6;19,9;17,2;15,4;13,6;12,4;12,1;11,175;19,9;16,3;14,5;14,2;14,5;13,3;12,4;11,5;11,175;11,175;10,525;9,55;8,9;11,5;14,2;11,5;35,34
01/08/1956;68;48,4;51,2;50,4;36,48;29,16;26,5;23,5;21,7;19,6;18,1;17,8;16,6;15,1;13,9;13;12,4;11,5;13,9;60;60,8;41,6;42;32,64;27,26;23,8;20,5;18,4;16,6;15,4;14,2
01/09/1956;13,9;13,3;13;12,4;11,5;11,8;27,64;22,3;22,9;22;21,1;19,6;17,2;23,5;41,6;86,55;63,6;123;158,5;193,2;168,5;104;68,4;74;142;211,8;114;62,8;50;45,2;
01/10/1956;40,8;33,81;31,47;28,78;26,2;24,1;22;21,4;38;76;56;42,8;33,81;26,2;23,8;23,5;23,8;23,5;20,8;18,7;19;38;50,8;135,5;78,9;52,4;43,6;51,6;49,2;52,8;78
01/11/1956;68,4;53,6;44;39,2;43,6;37,62;29,16;25,6;22,3;19,9;18,4;17,5;16,6;15,7;14,5;13,3;12,4;11,8;11,175;12,4;11,5;10,85;10,2;9,55;8,9;13,9;13,6;11,175;9,55;8,25;
01/12/1956;7,65;7,05;6,75;6,75;6,75;14,5;14,5;8,575;7,05;6,45;6,15;5,55;6,75;10,85;13,6;11,8;8,9;7,65;6,15;5,85;32,64;26,2;34,96;22,9;13;8,575;7,65;7,65;7,35;6,15;5,55
01/01/1957;5,55;5,25;5,25;5,25;5,015;5,015;13,3;22,6;19;17,5;13,3;8,9;8,25;74;51,6;31,47;22;18,1;15,1;14,8;13,9;13;14,8;22;37,62;26,88;24,1;23,2;15,4;13;10,525
01/02/1957;10,2;16,9;40;34,2;35,34;33,42;25,3;24,1;21,4;16,9;12,7;10,85;9,55;9,875;11,175;11,175;9,225;7,95;7,05;5,85;5,25;5,25;5,25;5,25;5,015;5,015;5,25;5,015;;;
01/03/1957;5,015;5,25;8,575;14,5;18,4;12,1;7,35;7,95;38;48;81,6;52,8;32,25;23,2;29,16;20,2;15,4;13;11,5;68,8;77,6;74;161,5;132,5;66,4;44,8;35,34;27,64;22,9;22;27,26
01/04/1957;24,7;21,4;19;28,4;26,5;24,4;22,6;21,1;34,96;29,54;22,9;19,6;16,6;18,1;31,47;22,6;16,9;15,1;16,9;17,2;15,7;14,5;13;12,1;13,6;156,5;182;86,55;55,6;67,6;
01/05/1957;35,72;40;33,42;29,16;26,5;25,3;38;42,4;36,48;36,48;38;38,4;39,6;37,62;33,42;28,4;25,6;23,2;20,8;19;17,5;16,3;15,1;14,2;13,6;13;12,4;13,6;15,1;14,2;12,1
01/06/1957;10,525;11,5;14,2;13,3;10,525;10,2;30,69;35,34;25,9;16,3;13;13,3;12,7;12,1;11,5;10,85;10,85;10,85;10,525;10,2;10,2;9,55;8,575;7,95;7,65;9,225;43,2;70;145;99,5;
01/07/1957;182;182;112;69,6;55,6;53,2;62,4;50;43,2;36,1;32,64;29,16;26,2;24,7;24,1;44,8;40;56;98,5;234;318,5;222,6;119,5;70;59,6;48;41,6;36,1;39,6;109,5;261
01/08/1957;295,4;427,7;385,7;268,8;141,5;75,2;56;49,2;44,8;46,4;121;151;100;99,5;80,25;77,2;308,7;485,8;563,5;511,7;409,5;262,2;134;66,4;56;49,6;42,8;37,24;33,81;31,86;37,62
01/09/1957;34,2;26,88;93,5;308;282;199,2;112;202,8;178,5;127;81,6;60;67,2;63,2;229,8;339,5;255;151;154,5;137;214,2;236,4;268,8;252;174,5;109,5;72;60,8;48;42;
01/10/1957;37,62;34,58;31,86;29,54;26,5;24,7;22,9;20,2;16,9;16,9;18,1;19,3;18,7;16,3;14,5;22;42;26,2;26,5;78;131;235,8;192;119,5;77,2;66,8;58;46;38,4;34,96;31,47
01/11/1957;29,16;36,86;36,1;29,92;25,6;23,8;22,6;25,9;29,16;25,9;24,1;22,9;22,9;22,3;23,2;22,6;28,78;32,25;25,9;35,72;30,3;24,4;21,7;20,2;18,7;16,3;13,6;13,3;14,2;14,5;
01/12/1957;16;18,7;16,9;13,9;11,5;11,175;16,9;20,5;21,7;19;15,1;12,7;18,4;19,9;16;11,175;8,9;9,55;12,1;13;9,225;6,75;5,015;3,84;3,37;4,075;7,95;8,25;8,25;7,95;7,05
01/01/1958;7,35;8,25;8,575;6,75;5,55;5,015;4,78;3,605;3,605;8,25;6,45;4,78;5,55;7,35;12,7;13;45,2;38;23,5;23,5;21,4;15,7;11,5;14,2;23,2;16;13;14,5;12,7;9,225;7,95
01/02/1958;9,225;8,575;7,65;6,75;5,25;12,4;47,2;29,92;17,5;10,525;7,05;4,075;4,78;5,25;5,25;5,25;5,85;16;47,2;93,5;192;157;89;56;45,6;48,4;64;70,4;;;
01/03/1958;64;53,6;52;43,6;38,8;45,2;37,24;32,25;27,64;22,3;19;15,4;21,1;191,5;296,1;409,5;429,8;413;398,3;265,2;161;87;60;69,2;57,2;46;36,1;31,86;28,78;27,64;25,6
01/04/1958;25,9;20,8;18,4;15,4;13,3;12,4;13,9;12,7;20,2;19,6;25,6;21,1;17,2;15,7;14,2;13;11,8;10,85;10,85;10,85;10,2;9,875;8,575;7,65;7,65;7,65;7,65;7,65;7,35;6,75;
01/05/1958;7,35;9,875;9,875;9,55;8,25;8,575;9,875;12,1;11,175;9,875;7,95;6,45;5,015;4,545;4,075;4,075;4,075;4,075;5,015;5,25;5,25;6,15;6,15;6,15;7,65;10,525;13,3;36,1;35,72;20,8;17,2
01/06/1958;14,2;12,4;10,2;7,95;6,15;12,4;13,6;10,85;8,25;7,95;32,64;36,86;56;104,5;76;48;59,6;60,8;40,4;32,25;25,9;23,2;21,4;18,4;15,4;12,7;11,175;10,85;10,85;10,85;
01/07/1958;11,175;11,175;10,85;10,85;10,525;9,875;9,55;8,9;8,575;8,25;7,95;7,65;7,65;7,65;8,25;52;42;22,9;19,9;13;11,5;11,5;11,5;11,5;12,1;15,4;14,8;19,9;37,62;36,1;27,26
01/08/1958;22,9;20,8;19,9;18,4;15,7;14,5;103,5;226,8;189,5;94,5;63,2;51,2;42,4;39,6;34,2;27,64;23,2;21,7;20,2;18,7;17,2;15,7;13,9;12,4;12,1;11,5;11,5;16;62;54;29,16
01/09/1958;21,4;18,4;20,5;17,2;15,4;19;40;47,2;44,8;141;151;74,8;121;187;258,6;199,2;124;76;59,2;54;39,2;33,42;29,54;54,4;128,5;78;54,8;44;36,1;31,86;
01/10/1958;26,5;22,6;25,9;57,2;69,6;252,6;227,4;131;73,2;54;74;66;53,2;45,2;36,1;31,08;29,16;29,92;25,6;21,4;18,7;17,2;22,9;37,24;42;72;47,2;34,96;27,64;22,9;20,8
01/11/1958;19,6;18,1;15,7;14,2;12,7;11,175;9,55;8,575;8,9;14,8;78;52;38;27,64;22,9;24,1;60;38,4;32,64;51,2;41,6;31,47;22,6;25,3;42;49,6;36,86;28,78;23,5;26,5;
01/12/1958;24,7;25;36,48;52;46;46,8;61,6;58,4;52;40,8;42,8;30,3;26,2;68;90;69,6;55,2;44,8;45,2;58;63,2;63,2;57,2;45,6;36,48;30,3;27,26;24,1;21,4;19;24,4
01/01/1959;28,78;25,6;22,9;44,4;55,2;41,2;36,1;38,8;35,34;28,02;23,2;24,4;22,9;20,8;17,5;13,6;16,6;16,3;13,3;12,4;7,35;10,525;18,4;16;16;15,7;13;10,525;8,575;10,2;8,9
01/02/1959;14,2;15,4;12,1;10,2;8,575;12,4;18,4;22,9;68,4;46,8;43,6;36,48;31,86;44;65,2;56;36,48;30,3;25,6;34,2;91;102;64;100;97;69,2;78;58;;;
01/03/1959;44,8;36,1;25;21,4;19,3;17,8;19,3;16,9;14,2;12,4;10,525;9,225;15,1;19,3;15,1;19;56;43,2;19;15,7;13,9;11,8;15,1;18,4;16,6;13;9,875;8,9;7,05;5,85;5,015
01/04/1959;7,35;7,35;8,575;11,5;22;25,9;28,4;25;20,5;16,3;13;10,525;8,575;7,05;5,55;4,545;4,31;4,31;4,545;6,45;14,5;22,9;25;20,5;15,7;87;99,5;54;32,25;22,9;
01/05/1959;19,6;16,9;18,1;16,3;14,5;13;11,5;9,875;9,55;8,9;13,3;10,525;8,575;7,35;7,05;6,75;6,75;10,85;16;20,2;48,4;97;48;34,2;25;21,7;19,9;17,8;16;14,2;12,4
01/06/1959;11,175;10,85;9,875;9,225;8,575;11,8;11,175;10,85;10,2;9,225;8,9;7,95;7,65;7,35;7,05;6,75;6,45;6,45;6,15;6,15;5,85;7,05;13;25;25,6;18,7;15,7;13,9;10,85;9,55;
01/07/1959;8,575;7,65;7,35;6,45;7,35;13,3;10,85;9,55;8,575;8,25;7,65;7,65;7,35;7,05;6,75;6,45;6,15;6,15;5,85;5,85;7,35;6,75;6,45;5,85;5,25;5,25;5,25;5,25;5,25;5,55;6,45
01/08/1959;18,4;25,9;19,9;15,1;13,6;12,1;12,1;10,525;9,55;8,9;8,25;8,9;8,25;29,54;48,4;23,8;17,2;16;14,2;12,7;11,8;10,85;10,525;10,2;9,875;8,575;7,65;7,05;8,25;25;74
01/09/1959;56;84,75;70;154,5;153;106;59,2;39,2;29,92;29,16;24,1;52;56;44;38,4;36,86;29,54;25,9;22,3;30,3;32,25;25,3;24,4;24,1;24,7;68;58;48,8;40;32,25;
01/10/1959;25,6;22,9;21,4;19;17,2;16,6;17,2;16;13,9;13,6;18,1;30,3;36,1;28,4;24,1;22,6;21,1;19;17,2;18,4;19;16;14,2;12,1;9,875;9,225;8,575;8,9;8,575;8,25;7,65
01/11/1959;7,05;6,75;6,45;6,15;6,15;7,65;10,525;8,575;8,25;7,65;7,65;10,525;12,4;10,85;9,225;7,35;6,45;7,65;6,75;6,15;5,015;4,545;4,545;4,31;4,545;4,31;4,31;4,075;3,84;4,31;
01/12/1959;4,31;5,25;6,75;8,25;6,75;5,25;4,78;13,3;23,8;13,6;7,95;6,15;4,78;4,78;4,31;4,075;10,85;9,55;7,35;6,45;12,1;11,175;9,55;8,25;6,45;5,015;4,545;4,31;4,075;4,075;3,84
01/01/1960;3,84;3,605;3,37;3,37;3,37;3,37;6,45;84,3;56;26,5;50;30,69;18,1;12,1;9,55;7,35;7,05;6,75;6,15;5,85;5,55;5,015;4,78;4,78;4,78;4,78;5,85;6,15;6,15;7,05;35,34
01/02/1960;20,2;18,7;68,8;132;71,6;29,92;21,4;18,7;13,6;11,5;12,7;17,2;17,8;22,3;29,92;52,4;34,58;28,78;42,8;44;34,96;28,4;22,6;18,1;15,1;13;12,1;11,5;11,5;;
01/03/1960;14,2;86,1;152,5;75,6;38;28,4;22,9;19,9;18,1;19,9;22,3;16,9;14,5;22,3;19,3;24,7;17,8;15,7;12,1;30,3;39,2;39,2;27,64;19,9;16,9;14,2;12,4;10,85;10,2;9,55;8,9
01/04/1960;8,9;12,4;24,7;23,2;21,1;52;184;112;55,6;38,4;31,86;25,6;23,2;21,7;19,9;16;13,9;12,7;11,5;10,525;9,875;8,575;7,65;7,35;7,35;6,75;6,75;6,75;6,75;6,75;
01/05/1960;7,05;6,75;6,45;6,15;5,55;5,015;4,78;4,78;4,545;4,545;4,545;4,545;4,545;4,31;9,225;76;38,8;16;16,9;44;41,2;32,25;23,8;17,8;13,3;11,5;10,85;9,875;9,55;9,55;8,9
01/06/1960;8,25;7,95;7,35;7,05;6,75;6,75;6,45;6,45;6,45;6,45;6,45;6,15;6,15;6,15;6,15;6,15;5,85;5,85;5,85;5,55;6,15;10,2;19,6;40;24,7;19,6;14,8;13,6;11,175;9,55;
01/07/1960;7,95;7,05;7,05;6,75;6,75;6,45;6,45;6,45;6,45;6,15;6,15;6,15;5,85;5,85;5,55;5,25;5,015;4,78;4,78;4,545;4,545;4,545;4,545;4,31;4,31;4,31;4,31;4,31;4,31;4,075;9,875
01/08/1960;31,86;58;68;67,6;48;32,25;25;21,4;16,9;13,9;11,8;9,875;8,575;13,6;28,02;21,4;27,26;188;161,5;68,4;40,4;32,64;29,92;24,7;24,4;41,2;66;51,2;37,24;29,16;49,2
01/09/1960;77,2;56;44,8;36,86;28,78;25;22;19,3;16,9;15,7;14,8;14,2;13,9;21,4;18,7;17,2;20,8;47,6;26,2;18,4;15,1;14,5;13,6;13,9;19,9;26,2;21,1;17,8;16;13,6;
01/10/1960;13;12,4;11,8;11,175;10,85;10,525;9,875;36,1;38,4;25,3;19,9;17,5;16,9;16,9;42;82,5;131;114,5;72;126,5;107;75,2;69,6;102;177;314,3;365,4;258;168;96,5;73,2
01/11/1960;86,1;126;104;84,3;91;78;56,4;46,4;41,6;37,62;146,5;141,5;192,6;172;141,5;112;91,5;76,8;65,6;48;39,2;35,34;33,42;28,78;21,7;22,6;99,5;163,5;115,5;82,05;
01/12/1960;80,25;56;43,2;38,8;36,1;31,86;41,6;35,34;30,3;20,5;121;127,5;72;58;63,2;71,6;61,6;52;40,4;35,34;29,92;25,9;23,2;21,4;19,3;18,1;17,2;16;36,1;31,47;28,02
01/01/1961;21,1;28,78;23,2;57,2;49,2;33,81;22;19;17,2;15,7;14,5;13,9;13,3;12,4;10,85;15,1;9,875;122;112;99,5;90,5;61,6;37,62;25,3;23,2;30,3;27,26;22,9;19;15,4;13,9
01/02/1961;13,3;15,7;20,8;150;80,7;65,2;47,6;68;136,5;98;54;36,1;31,47;29,16;26,88;24,7;22,6;21,4;20,8;79,35;71,6;57,2;78;76;71,2;56;48,4;75,6;;;
01/03/1961;68;48,8;39,2;29,16;44;52,4;43,6;35,34;23,2;17,8;14,8;19,9;31,08;54,4;44;34,58;28,4;34,2;183,5;188,5;241,2;222;180,5;108,5;79,8;48,4;29,54;19,9;17,2;16,3;15,7
01/04/1961;15,4;14,8;29,54;83,4;127,5;101;58;41,2;26,2;19;16,6;16,9;20,5;18,1;25;32,25;27,26;37,62;32,64;24,1;20,2;17,5;20,8;18,1;29,54;21,7;16,6;15,1;14,2;13,9;
01/05/1961;13,3;13;12,1;10,85;10,2;9,875;9,875;18,4;17,8;16,6;15,1;14,2;13,3;11,175;9,875;8,9;8,575;15,7;20,8;18,4;16,9;16;14,5;13;11,8;10,525;9,225;8,575;8,25;7,95;8,25
01/06/1961;8,25;8,25;7,95;7,65;7,65;10,525;9,875;9,225;8,25;8,25;14,2;31,47;86,55;57,2;29,92;22,6;19,6;16,9;15,4;18,7;29,16;55,2;38,8;24,1;21,7;20,5;18,7;16;14,2;12,4;
01/07/1961;10,525;10,2;9,55;8,9;8,575;7,95;10,525;82,95;88;63,2;53,6;46,8;39,2;33,03;37,62;48,4;42,8;36,48;28,02;22;16,6;18,4;16,9;15,4;13,9;12,4;10,525;9,225;8,575;8,25;7,95
01/08/1961;7,95;7,65;7,65;7,35;7,05;7,05;7,05;7,05;6,75;6,45;6,45;6,45;6,45;6,15;6,45;7,35;7,65;7,35;7,05;7,65;7,65;7,05;6,15;5,85;6,15;7,05;6,45;5,55;5,25;6,15;5,55
01/09/1961;5,25;5,25;5,25;5,015;4,545;12,7;126,5;89,5;201;294,7;403,9;462,7;457,8;359,8;211,8;149;92,5;58;68;66,4;63,6;91;88;73,6;118,5;202,8;137;165;348,6;358,4;
01/10/1961;263,4;148,5;103,5;91,5;77,6;44;28,02;23,2;24,4;31,86;80,7;101;129;195;211,8;157;147;134,5;119;91,5;107;156;115,5;96,5;189;262,2;262,2;167;76,8;52,8;183,5
01/11/1961;311,5;429,8;454,3;411,6;332,5;197,4;120;80,7;68;40,8;36,48;29,54;33,03;41,2;37,24;33,42;28,4;22,3;18,7;17,8;28,78;37,62;33,03;28,02;25,3;41,6;44,4;68;45,2;25,6;
01/12/1961;127;176;189,5;137;77,6;59,2;45,6;38,8;28,78;25;23,2;38,8;31,08;25,6;20,5;15,1;22,3;40,8;23,8;16,9;15,7;23,8;31,08;38,4;32,64;24,1;28,4;36,1;34,58;97;54,8
01/01/1962;38,4;31,47;29,16;26,2;24,4;21,7;18,4;15,7;14,2;41,6;33,81;24,7;23,5;53,2;39,2;30,3;24,7;21,1;18,7;16,6;14,2;12,1;11,5;10,85;50,4;49,6;32,25;24,7;27,64;29,92;20,8
01/02/1962;19,6;17,2;17,2;131,5;94,5;58,8;42;55,6;47,6;30,69;22,3;23,8;38;40,4;27,26;33,03;24,7;18,7;17,5;16,9;15,4;13,3;18,4;37,62;34,96;22,6;16,3;10,525;;;
01/03/1962;16;40;36,48;23,8;25,6;22;19,9;18,4;17,5;20,5;25;37,62;36,1;31,08;23,2;25,3;129;153;244,2;172;87,5;56,8;41,2;53,6;50,8;39,2;32,64;24,7;16,3;19;17,8
01/04/1962;15,4;14,8;12,7;11,8;11,5;10,85;9,55;9,225;17,5;19,3;16,9;14,2;13,6;12,4;11,5;10,85;9,875;13,6;12,7;11,175;10,525;9,55;9,225;12,1;13;11,5;9,55;7,35;6,15;6,15;
01/05/1962;5,55;9,225;14,2;11,8;11,5;8,9;7,95;7,05;6,75;6,15;5,85;5,55;5,015;4,78;4,545;4,31;4,545;4,31;4,78;17,5;141,5;161,5;131;98;59,6;40,4;32,64;34,96;23,5;17,5;15,7
01/06/1962;13,9;14,2;23,5;20,2;17,5;16;13,6;11,5;10,2;10,525;7,95;6,45;5,25;5,015;4,545;4,31;3,605;3,37;3,135;3,135;6,15;13;14,2;10,525;8,25;6,45;5,015;4,545;3,84;3,37;
01/07/1962;3,37;3,135;2,9;2,594;2,594;2,441;2,594;2,594;6,15;29,16;20,5;17,5;13,3;11,5;11,8;29,16;42;37,62;38,4;28,78;21,1;15,7;19,6;22,3;19,9;18,1;16,3;19,9;28,4;31,47;25,9
01/08/1962;23,2;21,4;19,3;18,1;17,5;17,2;17,2;16,6;15,4;14,5;15,4;16,6;14,5;13,9;12,7;11,5;11,175;10,85;9,875;9,225;8,25;8,9;8,25;7,95;7,65;7,05;6,45;6,15;6,15;7,35;7,65
01/09/1962;6,45;5,85;5,25;5,25;5,25;4,78;4,31;4,075;7,05;46;54,8;22,3;18,7;19,6;19,9;18,1;17,2;15,4;164,5;328,3;285;194,4;110;76,4;60,8;48,8;40,4;34,96;31,47;29,54;
01/10/1962;42,4;41,2;40;54;70;52,4;44;36,86;44;43,2;41,2;40,8;37,24;32,25;27,64;23,8;48;83,85;109,5;92;65,6;52,8;49,2;45,6;43,2;38,4;32,25;38;39,6;33,42;32,25
01/11/1962;35,34;34,58;33,42;28,4;38,4;80,25;89;58,8;44,4;32,64;23,8;20,5;19,3;17,2;16,3;15,1;17,2;15,7;17,2;19,3;37,24;38;24,7;19,9;16,6;13,6;9,55;7,65;9,225;8,25;
01/12/1962;7,65;7,05;6,45;18,1;16,6;13,3;11,5;11,175;10,2;9,875;9,225;8,9;8,25;7,95;7,65;7,35;6,45;25,3;29,92;19,9;16,3;13,6;11,8;13,6;11,5;9,875;8,25;7,05;5,85;5,25;4,545
01/01/1963;4,78;4,545;4,31;15,7;11,5;19;13,3;15,7;18,4;22;87;163,5;124;58;49,2;37,62;89,5;76;61,2;49,6;33,42;50,4;51,6;40,8;36,86;42,4;52;78,45;149,5;321,3;508,2
01/02/1963;633,5;581;535,5;472,5;361,2;262,8;181,5;116,5;81,15;63,2;50,4;42,4;34,58;30,3;26,2;25,6;25;25,3;29,54;105,5;100;70,4;55,6;46,8;43,6;68,8;146,5;160;;;
01/03/1963;156,5;168,5;153,5;117;68;39,2;24,7;82,5;119,5;139,5;114,5;79,35;64,4;64,8;42,4;38,8;34,2;36,48;50;67,6;108;162;352,1;389,9;296,1;220,8;313,6;243;170;97;62,4
01/04/1963;50,8;39,6;34,96;31,08;25,9;22,3;29,16;32,64;28,02;24,4;21,4;18,7;17,2;16,3;15,1;31,86;41,6;28,78;21,7;18,4;15,7;13,6;12,4;11,8;11,175;10,525;9,55;8,9;7,65;6,75;
01/05/1963;6,45;6,15;5,85;5,25;5,015;4,78;4,545;4,31;4,31;4,075;3,84;3,37;3,37;7,95;14,2;12,1;10,525;9,55;8,9;8,25;7,65;7,65;7,35;7,05;7,05;7,05;6,75;6,75;6,45;6,45;6,45
01/06/1963;5,85;5,55;5,25;5,25;5,015;5,015;4,78;4,78;4,78;4,545;4,545;4,31;4,075;5,015;6,75;13,3;10,2;8,25;7,65;7,35;6,45;5,85;5,015;4,78;4,545;4,31;4,075;3,84;3,37;2,9;
01/07/1963;2,747;2,594;2,594;2,441;2,747;4,545;3,84;3,37;3,135;3,135;2,747;2,747;2,594;2,594;2,594;2,441;2,441;2,288;2,594;3,135;3,605;12,1;11,8;9,55;8,9;8,25;7,65;7,35;6,75;5,015;4,31
01/08/1963;4,31;4,31;4,075;4,075;5,015;4,78;4,545;4,545;4,31;4,075;4,075;4,545;4,31;4,31;4,78;5,015;5,015;4,78;4,545;5,85;9,55;11,175;9,55;8,25;7,95;7,05;6,15;5,55;5,25;5,015;4,78
01/09/1963;4,31;4,31;4,075;3,84;3,84;3,605;3,37;3,37;3,135;4,075;5,015;5,015;4,545;4,075;4,31;4,075;3,84;3,605;3,605;3,37;3,135;3,605;13,3;36,1;60;125;242,4;296,8;400,4;305,9;
01/10/1963;253,2;201,6;174;148,5;141;134;128,5;123;122,5;119,5;109,5;106,5;106;104;102;101,5;102,5;105;104;101;97,5;93;100;102;93,5;90,5;86,1;82,05;76,4;57,2;36,48
01/11/1963;36,48;38,4;40;42,8;47,2;53,2;71,6;92,5;174,5;398,3;373,8;280,8;205,8;163,5;143,5;125;114,5;107,5;119,5;126;123;118,5;115;111;107,5;92,5;77,6;58;45,2;32,25;
01/12/1963;29,16;28,02;26,2;24,7;23,5;22;21,1;20,8;22,9;32,64;53,2;69,6;58,8;50;40,4;35,34;32,25;29,92;44;57,2;35,72;28,02;25;22,6;20,5;17,5;16,3;14,8;12,7;17,5;17,8
01/01/1964;24,4;27,64;23,2;22,3;21,4;20,8;19,6;20,5;14,8;12,1;10,525;11,175;10,85;9,225;8,575;7,95;7,95;7,65;7,35;6,15;7,95;8,575;8,25;6,75;6,15;4,545;4,31;5,85;5,25;5,015;5,55
01/02/1964;11,5;66;35,72;21,4;15,4;11,5;10,85;45,2;33,81;22;16;12,1;10,85;19,9;34,58;36,48;30,69;62,8;83,85;68,8;47,2;32,25;24,4;19,6;16,6;15,7;15,1;13,9;13,3;;
01/03/1964;14,2;20,5;21,1;18,1;14,5;20,2;19,3;16,6;14,5;13;11,175;8,9;8,25;19,9;49,2;42;29,92;23,8;19;14,2;10,85;9,55;8,575;7,65;7,35;13,6;10,85;15,1;62,4;40,4;20,5
01/04/1964;14,5;13,6;12,7;11,8;11,5;12,7;16,6;14,5;13;11,8;12,7;10,85;8,9;8,575;13;13,6;12,7;11,8;25;22,3;24,7;34,2;46;77,6;55,6;33,81;40,4;86,55;64,8;60,4;
01/05/1964;189;149;74,4;51,2;40,8;48,8;42,8;36,48;30,3;25,3;22,9;20,5;18,1;17,2;15,1;14,2;12,7;11,5;10,85;10,525;9,875;9,55;8,9;8,9;8,575;8,25;7,95;7,65;7,65;7,35;7,05
01/06/1964;6,75;6,45;6,45;6,15;6,75;6,45;6,45;6,15;6,15;8,9;14,2;17,8;33,81;26,2;19;15,7;11,8;10,525;9,875;9,225;8,9;7,95;7,95;9,55;13,6;14,2;13,6;13;12,7;11,8;
01/07/1964;11,175;10,85;11,5;13,6;16,9;14,8;13;13,3;23,2;16,9;13,9;12,4;11,5;10,525;9,55;8,575;9,875;11,5;10,85;9,875;9,225;8,9;8,9;14,8;50,4;45,2;33,03;22,6;15,7;13,6;11,8
01/08/1964;10,2;19;49,6;32,64;23,2;19,9;16,3;14,8;17,8;14,5;13;11,175;11,8;17,5;18,1;12,7;11,175;10,2;12,4;15,4;14,2;14,5;15,4;14,5;28,78;43,6;63,2;116;74,8;56,8;40,4
01/09/1964;33,42;37,24;31,86;24,4;20,8;22,9;23,5;57,6;56,8;62;52;41,6;34,2;28,78;24,4;22,3;19,9;17,2;15,4;14,2;15,1;15,4;24,1;19;19,3;36,1;40,4;42,8;58,4;45,6;
01/10/1964;36,1;27,26;22,9;19,9;17,5;16,6;17,8;25,9;36,86;30,69;25,6;21,7;17,5;16,3;14,8;13,3;11,8;11,175;11,175;12,4;18,1;22;17,2;14,5;12,1;26,2;46,4;23,2;17,5;33,42;25,3
01/11/1964;20,8;16,9;14,5;12,7;13,9;16,3;14,2;12,4;10,2;8,25;7,05;6,15;5,55;5,25;5,25;5,015;5,015;5,85;7,05;6,45;6,75;9,875;8,575;7,05;5,85;5,015;4,545;4,545;6,15;11,8;
01/12/1964;19,3;28,02;32,25;29,92;20,2;16,6;12,4;11,175;9,55;9,55;8,9;8,9;15,4;12,7;8,25;6,45;5,55;7,35;5,55;5,25;5,015;7,95;10,85;11,5;9,875;8,575;7,35;5,55;18,1;19;11,8
01/01/1965;7,95;8,575;7,95;15,1;11,5;9,225;7,35;5,25;7,65;7,05;5,55;4,78;5,55;5,25;4,78;8,25;13,3;19,6;37,24;19,6;9,55;5,55;5,25;5,25;5,015;5,015;4,78;4,78;4,545;4,31;4,31
01/02/1965;4,78;4,545;5,85;8,9;11,5;7,95;6,15;5,015;4,545;4,31;4,075;4,075;3,84;3,605;3,605;3,37;3,37;3,135;2,9;2,747;2,594;2,441;2,441;2,594;3,135;4,545;16,9;15,1;;;
01/03/1965;13,9;14,5;18,1;27,26;22;14,5;68;66,4;41,2;42,4;36,86;22,9;15,7;11,175;8,575;7,35;6,15;5,55;5,25;5,015;4,78;5,015;25,6;46,8;24,4;15,7;13;9,55;7,35;7,05;6,75
01/04/1965;6,45;5,85;5,55;5,015;5,015;11,175;39,2;19;11,175;19;15,7;10,525;21,1;21,7;17,2;13,9;10,85;7,65;6,75;8,575;15,4;13,9;8,9;5,55;5,25;22;22,3;15,1;23,8;66,8;
01/05/1965;87,5;77,2;47,2;32,25;23,5;17,8;14,2;16,9;16,3;39,6;103,5;77,6;57,2;136,5;234,6;132;71,6;49,2;39,6;33,03;30,69;26,2;22,9;18,7;16,6;15,4;14,8;13,9;12,4;11,5;10,525
01/06/1965;9,875;9,225;9,225;70;46,4;28,78;23,5;20,5;19,9;19,9;19,9;17,2;15,7;14,5;20,2;23,2;19,9;17,5;16;15,1;14,5;13,6;12,4;10,85;9,875;8,575;8,25;8,25;8,9;8,25;
01/07/1965;7,65;25,3;112;94,5;75,6;62,8;49,2;36,1;40,8;97;82,95;54,8;44;37,24;33,42;24,7;21,4;20,2;19,6;25;24,1;18,4;16,6;15,1;14,2;13,3;12,1;11,5;10,85;12,7;25,3
01/08/1965;26,88;19,6;17,2;16,6;14,8;12,4;11,8;11,5;11,175;10,85;10,525;10,2;9,875;9,225;9,225;9,225;8,9;17,8;110;255,6;296,8;191;113;66,8;50;41,2;33,42;29,16;25,6;25,3;23,5
01/09/1965;21,4;19,6;16,9;25,3;51,6;120;98,5;105,5;86,1;70,8;62,4;53,6;42;37,62;39,2;38;34,96;31,47;102;123,5;74,4;55,2;44,4;37,24;33,42;40,4;35,34;31,08;26,5;51,6;
01/10/1965;126;149,5;95,5;58,8;52,4;43,2;35,34;30,3;25,3;45,6;76,8;54,8;41,2;32,25;28,02;22,6;20,2;19;17,5;19,9;19,6;22;42,8;33,42;34,2;26,2;21,7;19,6;21,7;17,5;14,2
01/11/1965;12,4;11,8;11,175;10,85;13,3;79,35;48,8;32,25;27,64;25,3;20,5;24,1;104,5;125,5;160,5;110,5;65,2;48;36,48;32,25;25,6;22;19,9;16,9;15,7;26,2;39,2;26,2;22,3;17,5;
01/12/1965;31,47;54,8;67,2;51,2;39,6;44;39,2;66;64,8;41,6;48;87;102,5;133;108;89;82,5;65,6;63,6;113,5;161;196,2;174,5;129,5;95,5;70,4;74;57,2;51,6;44,4;42,4
01/01/1966;37,24;34,2;31,47;100;76,8;54;40;50;50;40,4;38,4;38,8;30,3;25,6;21,7;19,3;22;24,4;42;60;42,4;38,4;72,4;76,8;102,5;182;128,5;84,3;66;124,5;115,5
01/02/1966;74,8;55,6;44;47,6;53,2;36,86;36,86;40,8;410,2;461,3;387,1;378;464,8;480,2;434;445,2;460,6;417,2;323,4;232,8;171,5;145;103,5;78,45;72,4;62;91,5;80,25;;;
01/03/1966;93,5;85,65;78;145,5;126;86,1;66;55,6;45,2;36,86;31,86;27,26;24,1;22;22,3;20,5;17,8;17,8;17,5;16,3;14,5;16,3;20,2;26,5;120;225,6;95,5;52,4;42,8;35,34;33,81
01/04/1966;36,48;30,69;28,78;37,62;36,86;41,2;61,6;74,8;76,8;65,6;48;38;31,47;28,02;23,2;21,7;20,2;18,4;17,5;19,3;17,8;16,9;16;15,7;25,3;22,6;17,2;15,4;12,7;11,8;
01/05/1966;11,5;11,175;10,525;9,875;9,225;21,4;38;28,4;19;17,8;18,7;24,1;22;19,3;17,5;15,1;12,7;11,8;11,5;11,175;10,525;18,7;42,4;23,2;17,2;16,3;15,1;13,9;12,4;11,8;11,175
01/06/1966;9,875;8,9;8,575;8,25;8,25;7,95;7,65;7,65;7,35;7,05;6,75;6,45;7,95;45,6;50,8;38;83,85;246,6;141,5;72;48;38;36,1;48,4;38;29,92;25,9;25;66,8;80,7;
01/07/1966;60,4;52;43,2;34,2;29,92;26,2;23,5;21,1;17,5;17,5;17,2;16,9;16;15,1;15,7;15,4;13,6;11,8;11,175;10,85;10,85;10,85;27,26;22,9;15,1;13,6;11,5;10,85;10,2;9,875;9,55
01/08/1966;8,9;8,575;9,225;13,9;16,9;12,4;9,875;8,25;8,575;8,25;8,25;8,25;7,95;7,95;7,65;7,65;7,35;7,05;7,05;6,75;7,05;8,25;21,4;105,5;66,4;40;29,54;25,6;24,4;40,8;34,2
01/09/1966;78;116;172,5;229,8;166,5;146,5;153,5;138;94;67,2;54;46,8;39,2;36,48;72,8;140,5;85,2;56,8;46;36,1;33,03;28,78;23,8;19,9;19;18,1;17,2;16,6;16,3;15,7;
01/10/1966;14,5;14,2;32,25;51,6;31,47;54,8;115,5;219,6;150;82,5;57,2;50;47,2;39,6;37,24;56;61,2;134,5;85,65;47,2;42;46;64,8;50,8;41,6;33,03;72;110;89,5;89,5;85,65
01/11/1966;113,5;98,5;74,8;58,4;50,4;43,2;35,72;38;48;34,2;25,9;39,6;44,4;40;32,25;25,6;21,7;18,4;15,7;13,6;11,8;52,4;36,48;25,9;19;16,6;13,9;11,5;10,525;10,2;
01/12/1966;15,4;38;60,8;62;47,2;32,64;27,64;25,6;23,5;21,7;22,9;47,2;63,2;35,34;45,6;48;40;33,03;99;202,2;162;75,2;55,2;45,2;40;34,2;28,78;25,9;25,9;32,25;30,69
01/01/1967;47,6;34,2;40,8;42;38,4;35,34;30,3;24,4;25,6;33,81;29,92;24,4;19;16,6;21,7;22,9;17,2;16;17,5;14,5;15,1;17,5;16,3;23,8;103,5;69,2;56;39,6;33,81;44,4;39,6
01/02/1967;30,3;50,4;88;171,5;110;68,8;52;52;90,5;70,4;70,4;91,5;107;89,5;68;57,2;111;137;130;107;91;142;263,4;228;211,2;288;322;244,8;;;
01/03/1967;185;131;94,5;78;94;92;76,8;63,2;52;49,6;43,6;38,4;45,6;51,6;40;32,25;25,9;23,5;22;23,5;22,3;20,8;38;34,58;36,48;29,92;34,2;58;52;47,2;51,2
01/04/1967;56;44,4;34,58;31,47;24,7;22;20,2;18,1;16;14,5;14,2;13,9;13,6;13;12,7;11,8;10,85;10,85;10,2;9,55;9,225;9,225;8,25;7,95;8,25;8,25;26,5;54;34,2;23,5;
01/05/1967;16,3;13,6;12,7;11,5;11,175;10,85;10,2;9,875;9,55;8,9;8,575;8,25;7,65;7,35;7,05;6,75;6,75;6,45;6,45;6,15;7,05;11,175;56;28,78;17,5;12,4;10,85;10,2;9,875;9,55;11,8
01/06/1967;10,525;9,875;8,575;14,5;44;111;55,2;30,3;25,6;20,8;18,1;22;31,86;31,08;28,02;24,1;22;20,5;19;17,8;16,9;15,4;14,5;13,3;13;11,8;11,5;10,2;10,2;14,8;
01/07/1967;17,5;15,1;13;11,8;11,175;9,875;9,55;9,225;12,4;12,7;11,5;10,85;16,9;25,6;23,5;22;24,7;49,2;39,6;29,54;26,5;23,5;19,9;16,6;14,8;13,9;13;12,1;11,5;11,5;10,85
01/08/1967;9,875;9,875;9,55;8,9;8,575;8,25;7,95;7,95;7,65;7,35;7,65;8,25;9,225;11,175;10,2;8,25;8,25;7,95;7,65;7,35;15,1;33,81;57,6;104,5;94;53,2;36,1;28,4;22,9;19,9;17,5
01/09/1967;15,7;27,64;39,2;34,2;38;67,2;68;60,8;74,4;53,6;44;40;89,5;74;52;39,6;34,2;50;55,6;83,4;183,5;168,5;141;145;114;82,5;66,4;59,2;48;42;
01/10/1967;37,62;32,64;50,4;67,2;44;35,34;27,26;22,6;20,2;18,4;19;17,5;15,4;13,9;13;11,8;18,7;16,9;25,9;40,4;126;161,5;84,75;56;44;36,1;29,54;25,6;26,5;21,7;19,3
01/11/1967;17,5;19,6;40;26,2;19,9;17,2;15,4;13,6;12,4;11,8;10,85;12,7;23,2;20,5;17,8;66;63,2;116,5;72;53,2;37,62;29,54;31,08;28,02;40,4;68,4;69,6;169,5;216;149,5;
01/12/1967;87;60,8;144,5;117;87;62,4;49,6;42,4;51,2;45,2;35,72;28,78;24,1;21,7;19,6;17,8;16,6;53,2;31,47;89,5;53,2;32,64;31,86;29,16;25;20,5;16,6;14,5;12,7;11,175;10,2
01/01/1968;11,8;13;10,85;9,875;9,225;7,95;6,45;5,25;5,25;6,45;6,15;7,95;10,2;9,225;10,85;8,25;13;11,8;9,55;10,85;17,5;19;24,7;19;14,8;17,2;14,8;10,2;7,95;11,8;25,3
01/02/1968;19,3;12,7;10,2;8,25;7,95;7,05;6,15;6,15;5,25;5,015;4,78;5,25;6,45;6,15;5,25;5,015;4,78;4,78;4,31;4,075;3,605;3,135;3,135;3,84;3,605;3,37;2,9;2,9;2,9;;
01/03/1968;2,9;2,9;2,747;2,594;2,441;2,441;2,594;5,25;5,55;6,15;5,015;36,1;34,96;18,1;9,875;22;20,2;13,9;9,875;7,65;7,65;13,6;15,4;35,34;28,02;17,5;13,9;10,85;9,55;8,9;8,575
01/04/1968;8,25;9,55;19;20,5;13,9;9,225;7,95;7,35;6,75;6,45;6,15;5,25;4,78;4,545;4,545;4,31;4,31;4,075;4,78;25,9;21,4;11,8;9,225;8,25;7,05;6,75;6,15;7,35;14,8;11,5;
01/05/1968;6,15;5,015;4,78;4,545;4,31;4,075;4,075;4,075;4,075;4,075;4,31;4,075;3,84;3,84;4,545;5,85;5,25;4,78;4,545;4,31;4,075;4,075;3,84;3,84;3,605;3,605;3,37;3,135;2,9;2,9;2,9
01/06/1968;2,747;2,747;2,747;2,594;2,594;3,84;17,5;22,3;11,175;7,05;6,15;5,55;5,25;4,78;4,545;4,31;4,075;4,075;4,31;4,075;4,075;3,84;3,84;4,31;4,075;4,075;4,075;3,84;3,84;3,84;
01/07/1968;4,075;3,84;3,605;3,605;4,545;5,55;5,015;11,175;23,5;48,4;25,9;15,4;10,85;8,575;8,25;7,35;6,15;5,55;5,25;5,015;5,015;6,15;6,15;5,25;5,015;4,545;4,31;4,31;4,075;4,075;3,84
01/08/1968;3,84;3,605;3,37;3,37;3,135;3,135;4,075;5,25;11,5;9,875;7,95;6,15;4,78;4,31;4,075;4,075;3,84;3,37;3,135;2,9;2,9;2,747;2,747;2,594;2,441;2,288;2,288;2,288;2,594;2,9;5,85
01/09/1968;5,25;4,545;3,84;3,37;3,135;2,9;2,9;2,747;2,594;2,441;2,594;9,225;24,1;42;53,2;46,8;23,5;16;11,5;17,5;153,5;107;55,2;32,64;22,3;17,5;16;14,8;14,5;13;
01/10/1968;10,2;7,95;7,35;6,75;6,45;6,15;5,25;6,15;6,15;5,25;8,25;28,78;42;34,2;23,2;20,5;27,64;23,8;40;26,2;19,6;15,4;13;11,5;10,2;11,5;19,9;19,9;33,42;79,35;96,5
01/11/1968;96;75,2;51,2;42,4;48;44,8;137,5;96;66;60;42,4;30,3;23,5;20,2;17,5;15,7;13,6;11,5;10,85;9,875;9,55;8,575;7,95;7,05;6,45;5,85;5,55;5,55;7,05;10,85;
01/12/1968;12,7;8,9;7,65;6,45;5,25;5,015;4,075;3,605;4,31;4,31;4,075;4,075;3,84;3,605;3,37;3,135;2,9;2,9;2,747;2,594;7,05;11,175;48,4;126;211,8;154,5;81,15;48,8;30,69;24,7;19
01/01/1969;20,8;22,3;33,03;30,3;92;64;46,8;65,6;45,2;134;135;71,2;48,8;36,48;53,6;42,8;29,16;24,4;19,9;16,3;13,6;11,8;11,175;17,2;20,8;20,5;16,9;15,7;45,2;26,88;26,5
01/02/1969;27,26;29,92;68,8;54;31,86;31,47;64,4;60;89;70,8;53,2;36,86;30,3;25,6;42,4;102;231,6;300,3;446,6;480,9;409,5;261;136;67,6;55,2;51,2;56,4;56,4;;;
01/03/1969;160;156;90;60,4;47,6;36,48;30,3;24,1;20,5;18,7;17,5;17,8;17,5;16,3;14,8;13,9;12,7;11,5;18,1;88;64,4;81,15;61,6;42,4;32,25;31,86;36,48;31,08;42;106;70
01/04/1969;130;249;186;172,5;389,9;377,3;267;139;71,2;56,4;49,2;42;35,72;31,47;28,78;26,2;23,5;21,7;19,9;18,1;27,64;59,2;70,8;53,6;40,4;33,81;28,02;25;26,88;24,7;
01/05/1969;21,7;19,3;21,1;20,5;18,4;16,6;14,5;13,3;11,8;10,85;9,55;11,5;13,3;12,7;11,5;10,525;9,875;8,9;8,25;7,95;7,65;8,575;9,55;13,3;15,1;49,2;44,8;27,26;21,4;21,7;28,02
01/06/1969;20,8;17,8;15,7;13,9;13,3;12,1;10,85;9,225;25,9;19,6;15,7;12,7;10,85;11,8;57,2;44,8;58,4;174;111,5;72,4;113;131;134,5;148;150;120;85,2;65,6;55,6;46,4;
01/07/1969;37,62;32,25;31,08;28,78;25,3;21,4;22,3;61,6;174;109,5;66,8;56;46,8;37,24;32,25;28,4;25,6;23,5;21,4;19,6;19;20,2;21,4;20,2;17,8;15,7;14,2;13,3;12,1;10,85;9,55
01/08/1969;8,9;8,575;9,55;8,9;8,575;10,2;13;11,5;10,525;9,55;9,225;8,575;8,575;9,225;9,55;8,9;8,575;8,25;7,95;7,65;7,65;7,35;6,75;7,05;9,875;20,5;23,5;54;66,8;38,8;27,64
01/09/1969;20,8;17,2;14,2;20,8;29,92;21,7;18,4;16,9;14,5;12,7;11,5;10,2;9,225;8,575;8,25;7,95;7,35;7,65;22;38,4;38;22,9;18,4;15,4;13,3;12,7;11,8;11,5;15,4;15,1;
01/10/1969;16;13,9;11,8;9,875;12,1;15,1;30,3;24,1;18,4;16,3;14,5;12,4;10,525;10,525;9,875;12,1;16;11,8;10,2;8,9;8,25;9,225;15,4;17,2;12,1;11,5;10,525;8,9;8,9;13,3;20,8
01/11/1969;12,1;10,2;11,5;10,85;9,225;7,65;9,875;16,9;22,3;13,6;9,55;7,95;8,25;9,55;11,8;118;62;62,4;36,48;31,47;29,16;28,78;25,6;22,9;19;16,6;15,1;14,5;57,2;40,4;
01/12/1969;23,8;15,7;12,4;9,875;8,9;8,575;8,25;7,65;7,35;6,75;6,45;8,575;20,5;13,6;8,9;7,95;7,65;7,35;6,75;6,45;6,15;8,9;14,5;11,175;6,15;4,78;4,31;4,31;4,075;3,84;4,545
01/01/1970;11,175;10,2;7,95;21,1;31,86;51,6;40,4;62,4;61,6;38,4;23,5;16,9;12,4;10,2;30,3;26,5;19,3;13;10,2;8,9;8,25;7,35;6,75;6,45;6,45;6,15;6,15;6,75;6,75;6,45;6,45
01/02/1970;6,45;28,78;33,03;64,8;41,6;56,8;35,34;24,7;19,9;15,4;12,1;8,9;7,65;6,15;6,45;7,95;10,85;13;16,6;13,9;12,1;35,34;34,96;20,2;14,2;11,8;10,85;9,875;;;
01/03/1970;8,9;8,25;8,25;8,25;7,95;7,05;6,75;7,05;10,2;8,9;9,225;12,4;47,2;78,45;48,8;31,86;25,3;31,08;80,7;68,4;56;49,6;40,4;28,02;22,3;18,7;16,6;14,2;12,7;11,8;14,2
01/04/1970;18,1;17,2;28,02;61,6;60;52,8;43,6;32,64;25,9;22,3;21,7;17,8;15,7;14,5;13,3;11,8;10,525;10,2;9,55;8,575;8,25;7,65;7,65;7,35;6,75;6,15;6,15;7,35;6,45;5,85;
01/05/1970;6,15;6,75;6,15;7,05;14,8;30,3;34,96;33,42;22,3;17,5;14,2;11,8;11,175;10,85;10,2;9,55;9,55;9,225;26,88;76;48;28,4;22,9;19,3;15,7;12,7;14,5;13,9;11,8;10,85;10,525
01/06/1970;10,2;9,875;9,55;9,225;10,525;25;79,35;52,8;28,78;26,88;25,6;26,2;148;220,8;143;78;56;55,2;47,6;36,1;30,69;37,62;50,8;40;33,03;29,54;31,86;29,92;41,6;64,8;
01/07/1970;116,5;191,5;138;94;58,8;48,4;40,8;40,8;33,42;27,64;23,2;20,2;19,9;19;17,5;17,5;16,6;15,1;13,6;12,1;11,5;12,1;11,8;11,175;10,85;9,875;8,9;8,25;14,8;28,02;32,64
01/08/1970;25;21,4;18,7;15,1;13,9;14,2;12,1;11,175;10,85;9,875;9,225;9,875;9,225;8,575;8,25;7,65;7,65;8,9;8,575;7,95;7,35;11,5;23,8;36,86;26,88;21,1;22,3;60,4;52,4;39,2;56
01/09/1970;43,6;26,5;19,6;15,7;12,7;70,4;126;74;57,2;44,4;36,86;30,69;26,5;23,2;20,5;19,3;19,9;18,4;17,5;18,4;20,2;19,3;16,6;14,5;13,3;12,7;12,4;13;24,1;21,7;
01/10/1970;19;28,4;21,7;17,8;14,2;12,1;10,525;15,7;33,03;25,3;22,3;18,4;15,7;13,6;12,7;12,1;13;58,4;82,05;68,8;64,4;60;50,4;40,8;32,25;27,26;23,2;18,7;14,2;11,175;8,25
01/11/1970;7,65;21,1;19,9;13,9;11,175;13;15,4;19,3;16,9;14,5;13,3;12,4;11,8;11,5;11,175;9,875;8,9;8,575;8,25;7,95;7,35;7,05;6,45;6,45;6,15;5,55;5,015;5,015;5,015;6,15;
01/12/1970;7,35;7,05;5,55;5,015;4,78;4,78;4,545;4,31;4,31;5,55;19,3;18,7;11,8;24,1;28,78;20,2;20,2;16;14,5;19;18,4;30,69;58;111,5;101,5;146;195,6;162;124;111,5;219,6
01/01/1971;196,8;330,4;309,4;275,4;237;215,4;162;95;68,8;272,4;264;236,4;144,5;87;56,4;36,86;31,47;28,78;26,5;24,7;25,9;23,2;24,1;21,7;22,3;20,2;20,8;18,1;15,1;33,03;43,6
01/02/1971;48,8;40,4;37,24;32,25;33,42;46,4;104,5;72,4;60,8;50,4;64,4;110,5;106;102;79,8;87,5;130,5;75,6;49,6;50;91,5;170,5;182;112;81,6;62;51,2;42,8;;;
01/03/1971;39,2;36,1;31,47;80,25;77,6;109;82,05;59,6;90;70,8;62,8;57,2;65,6;58,8;66;80,7;60,8;54,4;49,6;42,8;55,2;72,4;63,2;49,2;45,2;79,8;395,5;385;252,6;122,5;64,4
01/04/1971;52,4;43,6;38,8;33,03;27,26;24,1;19,6;24,7;35,72;29,54;22;15,4;11,175;13,3;80,25;77,6;57,6;32,64;34,2;183,5;268,2;177;114;74,4;52,8;41,2;33,42;29,92;32,25;44,4;
01/05/1971;37,24;29,16;25,6;24,7;55,6;81,6;153;273;190;111,5;68;56,8;48,8;41,6;36,1;32,64;29,54;25,6;24,1;22,3;20,5;19;17,2;17,5;46,8;42,4;29,92;25,3;22;19,9;18,1
01/06/1971;17,5;16,9;19,6;27,64;51,2;146;66,4;282,6;445,2;355,6;204,6;132;60;50,4;41,2;37,24;32,25;28,4;26,88;26,2;25,9;26,5;25,3;22,9;17,2;23,8;22,9;26,5;27,26;25;
01/07/1971;23,2;22,9;33,81;253,2;276,6;153,5;82,05;56,8;47,2;40,4;34,2;29,54;26,88;24,4;22,9;21,4;19,9;18,4;17,8;16,6;15,4;14,2;13;12,4;12,1;11,8;13;19;22,3;25;19,9
01/08/1971;14,5;12,7;11,8;10,85;10,525;14,5;93,5;65,6;42;39,6;31,08;25,9;23,5;22,6;20,8;17,5;15,7;15,4;14,5;13,6;13;12,1;10,85;16,3;22,6;16,9;13,9;11,175;11,5;12,4;14,2
01/09/1971;14,8;12,4;11,175;10,525;13,6;49,2;61,2;38;25,6;20,8;19,9;27,64;45,6;39,2;31,08;25;21,7;19,3;17,2;16,3;15,4;14,5;17,5;21,1;17,5;16;16;60,4;54,4;33,81;
01/10/1971;26,2;22,6;18,4;18,4;16,9;14,8;51,6;50,4;30,69;25,6;27,64;85,65;74,8;49,6;35,72;29,54;25,3;22,3;19;16,9;15,4;13,6;12,7;12,1;14,5;13,3;11,8;9,875;8,575;7,05;7,05
01/11/1971;6,75;8,25;8,9;7,95;6,75;6,45;5,85;5,25;5,25;6,15;6,45;5,55;4,78;4,075;3,605;3,605;4,075;3,605;12,1;7,65;5,015;4,075;3,84;3,84;4,075;8,9;11,5;7,95;6,45;7,35;
01/12/1971;6,45;8,575;8,9;9,875;7,65;5,55;4,78;4,545;4,31;3,84;3,605;3,37;3,37;4,78;4,31;4,31;4,075;4,545;5,25;5,25;4,78;4,545;4,31;4,545;4,31;4,075;3,84;3,605;3,605;3,37;4,78
01/01/1972;6,15;6,45;7,65;7,95;11,175;31,86;16,6;12,1;9,875;7,05;6,75;6,45;13,3;9,875;11,8;13;12,4;10,85;15,4;21,4;35,34;118,5;71,2;35,72;22,6;13,9;10,2;8,9;15,1;10,525;7,35
01/02/1972;7,35;12,7;9,225;7,35;5,85;5,25;4,78;4,545;5,015;15,4;80,7;114,5;222;174,5;187;132;159,5;333,9;345,8;267;161;79,8;56;62,8;53,2;122,5;123,5;105,5;72;;
01/03/1972;55,6;48,8;38;37,62;38;146,5;83,85;77,6;82,95;77,6;58,8;42,8;33,81;30,3;24,1;24,1;22,6;65,6;55,2;33,81;25,3;22,3;19,6;17,8;16,6;35,72;24,4;22;25,3;54,4;110
01/04/1972;82,5;83,85;92,5;86,55;72,4;54,8;43,2;34,58;29,16;24,7;21,7;20,8;19,3;19;23,5;24,4;18,4;15,7;13,9;12,4;11,5;10,85;10,525;9,875;9,55;9,55;12,1;11,175;9,875;9,55;
01/05/1972;8,9;8,575;8,575;8,575;8,25;7,65;6,45;6,75;7,65;7,35;7,65;7,35;7,35;6,75;6,45;6,75;6,45;6,45;6,45;6,45;6,15;6,15;6,15;6,15;5,85;5,85;5,85;5,25;5,25;5,015;5,015
01/06/1972;4,78;4,78;5,25;7,05;8,25;15,1;38,4;24,4;16,6;11,5;9,225;11,8;18,1;28,02;24,7;28,4;25;101,5;159;108,5;65,6;49,2;34,2;22;18,7;16,3;14,2;13,3;12,1;11,8;
01/07/1972;11,175;9,875;9,225;9,875;16,6;16,9;13;21,7;18,4;13,9;12,4;10,85;11,175;10,85;15,4;25,3;31,08;63,6;50,4;36,86;27,26;23,8;21,4;17,8;15,7;17,8;16,6;15,7;14,5;12,7;12,1
01/08/1972;11,8;12,1;20,2;110,5;70,4;69,2;60,8;52;42;31,08;23,5;20,5;22;19,3;17,5;15,7;15,1;14,2;13,3;12,1;11,5;13,9;14,2;13,3;78;336;373,1;406,7;428,4;373,1;283,2
01/09/1972;173;106;70;84,3;129;207,6;168,5;144,5;130;120,5;114,5;106;97,5;82,05;66,8;58;46;74,4;97,5;81,6;89;94;80,7;66;60,8;54,4;108;221,4;176;142;
01/10/1972;124;115;134;165;146;130;118,5;106;94,5;73,2;53,2;45,2;34,58;34,58;72,8;93,5;77,2;61,2;49,2;38,4;15,4;14,2;13,3;21,1;20,5;21,1;30,69;50,8;50,8;50,8;52,4
01/11/1972;56;52,4;50,8;44,4;31,08;22,9;21,7;46;45,6;33,42;30,3;26,5;25,3;100;74,8;62;58;87;74,8;65,2;58,4;66,8;60,4;58;56,8;51,2;43,6;37,24;22,9;51,6;
01/12/1972;42;59,2;67,6;85,2;66,8;65,2;64,4;59,6;56,4;53,6;19,9;7,95;7,05;6,75;6,45;5,85;5,25;5,25;7,35;39,6;98,5;27,26;10,2;52,4;41,6;22,9;15,7;12,1;10,2;10,85;10,2
01/01/1973;9,875;21,1;19,3;56,8;50,4;29,54;19,9;15,7;16,3;15,4;24,7;20,8;20,8;27,26;28,02;23,5;18,1;14,5;12,1;9,55;25,3;38,8;44,8;37,24;158,5;232,2;125;56,4;55,6;55,2;64
01/02/1973;52;41,2;31,86;25,3;55,6;38,8;33,42;26,5;22,3;20,2;17,8;16;15,4;40,8;79,35;154,5;56,4;42;26,88;53,6;43,2;28,4;102;70,8;48,4;23,8;20,5;16,6;;;
01/03/1973;13,9;12,4;32,25;79,8;60,4;20,2;16,9;21,4;85,2;71,6;54,8;44,4;33,42;25,3;22,3;20,5;17,8;16,6;15,4;23,2;17,8;15,4;19,3;42,8;33,81;23,2;19;16;14,2;13,6;13
01/04/1973;10,85;11,5;15,4;12,1;11,5;11,8;13;11,8;12,1;13,6;12,7;11,5;9,875;8,9;8,25;8,575;8,575;21,1;97;69,2;50,8;31,08;24,7;20,8;31,47;25,6;21,1;17,2;16;18,1;
01/05/1973;19;17,5;20,2;21,1;23,8;59,6;59,2;40;31,47;31,86;25,6;21,4;19;16,6;15,1;14,2;13,3;13;12,7;13,3;88,5;135,5;114;84,75;50,8;47,2;39,2;30,3;25,6;24,4;22,3
01/06/1973;21,4;19,3;17,8;18,1;16,9;16;14,8;13,9;19,3;25;20,2;15,4;13,6;13,6;12,7;11,5;11,8;96;91;48,8;32,64;25,3;25;155;237,6;110,5;61,2;78,9;100,5;145;
01/07/1973;138;134;121;95,5;35,72;24,1;22,3;22;21,7;20,8;19,6;18,4;20,8;19,6;18,7;16,6;11,8;11,8;24,4;20,5;107;267,6;158;83,4;147;170;155,5;112;42,4;29,92;24,7
01/08/1973;22,6;22;20,2;18,7;18,1;17,2;14,8;13,6;13;13;20,2;94,5;255,6;205,2;83,85;152,5;145,5;130;81,6;48;60,8;207,6;173,5;135;177;184,5;232,8;279;245,4;143;67,6
01/09/1973;94,5;147;160;250,8;204;151;154;145;135;65,2;42;38,4;49,6;60,4;179,5;173;171;151;164,5;170;167;158;151;113;73,6;62;54,8;47,2;46,8;51,2;
01/10/1973;54;50,8;45,6;38;36,1;32,25;28,78;25,9;22,9;23,2;76,8;58,8;48;39,2;33,42;27,64;22,6;22,9;22,3;20,8;17,8;17,2;23,2;44,4;27,64;22,9;21,7;20,5;17,8;16,3;16,9
01/11/1973;33,03;57,6;43,6;28,02;31,08;25,3;22,3;19;17,5;17,2;17,2;17,2;16,6;15,7;14,8;13;13;76;50,4;25,9;21,4;16;14,5;31,47;28,4;19,9;16;13,9;11,175;9,55;
01/12/1973;9,55;9,875;12,1;14,8;13,6;14,8;13,6;17,8;16,3;13,6;10,85;9,225;7,95;10,525;13,6;9,875;8,9;8,575;29,16;41,2;23,2;17,2;12,7;11,5;34,58;27,26;20,5;17,8;18,1;25,6;44
01/01/1974;135;114;63,6;37,24;27,26;22,9;18,4;44,8;169,5;171;144;107;56;48,8;55,6;39,6;33,03;27,64;24,1;38;39,6;30,3;23,2;19,9;16,3;23,8;70,8;35,72;22,6;21,1;22,9
01/02/1974;21,7;18,4;15,1;19,3;70,4;74,4;53,6;26,88;19,6;16;14,5;13,6;12,1;11,175;12,1;14,5;19;23,5;36,1;52,8;124;131;149;225;218,4;182;145,5;113,5;;;
01/03/1974;58;44,8;85,65;119,5;97;103,5;84,3;56,8;46,8;38;42,8;75,6;57,2;46,4;49,6;48,8;78,9;42,8;50,4;38;37,24;44;80,25;137;155;160,5;141,5;114;61,6;44;36,1
01/04/1974;36,48;29,16;24,4;23,2;26,2;23,2;20,2;17,2;16;15,7;18,7;17,8;15,4;13,6;12,4;11,8;12,4;13,9;11,5;11,5;11,8;21,4;15,7;12,4;21,7;36,48;24,4;19,3;15,4;13,6;
01/05/1974;12,1;10,85;10,2;9,225;9,225;8,9;8,575;10,2;15,4;11,175;9,55;8,25;7,65;7,65;7,35;7,35;7,05;7,35;8,575;7,95;7,65;7,35;7,35;7,05;6,75;7,35;7,05;7,05;7,05;7,65;7,35
01/06/1974;6,75;6,45;5,85;5,55;5,55;5,55;8,25;15,7;16,6;44,4;34,96;20,8;16;13,3;12,1;13,9;18,1;20,2;16;14,5;31,08;33,42;19,9;15,4;24,4;25;21,4;18,4;16,9;14,2;
01/07/1974;13,3;13;12,4;12,1;11,5;10,85;9,875;9,225;8,9;8,575;8,575;8,25;7,95;7,65;7,35;7,05;6,75;6,75;7,65;7,95;19,9;52,4;137,5;149,5;130,5;99,5;70;41,2;33,42;29,92;29,16
01/08/1974;22;19,6;18,7;17,8;17,5;16,3;14,5;13;11,8;11,5;10,525;9,55;9,55;9,225;8,9;8,25;7,65;6,75;6,75;6,45;7,05;7,05;6,75;6,45;6,15;6,15;6,45;6,45;7,05;10,525;65,2
01/09/1974;166;113;73,6;42,4;57,2;121,5;133;132,5;83,4;43,2;33,81;29,54;25,3;22,9;19,9;12,7;25,3;14,5;14,2;14,2;13,9;13,6;11,5;10,85;14,5;13,3;14,5;13,9;12,1;9,225;
01/10/1974;8,575;8,25;7,95;8,575;15,1;11,175;9,55;7,95;7,05;7,05;6,75;6,45;5,85;5,25;5,25;5,015;6,15;7,05;6,75;6,75;5,85;5,015;4,78;8,25;20,2;70;90,5;82,5;54;38,4;25,3
01/11/1974;16,6;12,4;8,9;7,35;12,4;20,2;7,95;10,85;8,25;6,75;6,15;6,75;6,45;5,85;5,55;5,25;5,25;5,015;5,25;12,1;29,16;18,7;13,9;9,55;7,35;7,05;6,75;6,75;6,45;6,45;
01/12/1974;6,15;7,65;7,35;7,05;6,75;6,45;6,15;6,15;5,85;5,85;5,55;5,25;5,015;5,25;5,015;4,78;4,545;5,015;5,85;5,55;5,25;5,015;4,78;4,78;4,545;4,31;4,075;4,545;6,45;8,575;103
01/01/1975;76,8;54,8;33,42;19,6;7,95;4,545;8,25;31,86;118;65,2;78,45;54,4;36,86;25,9;20,2;52,8;44;32,64;22,6;16;9,55;5,85;4,31;3,84;5,015;13,3;12,4;27,26;37,62;36,1;25,6
01/02/1975;21,1;28,4;32,25;21,4;14,5;11,5;11,175;11,8;10,85;9,55;7,95;7,65;7,05;6,45;6,15;5,85;13;14,5;10,85;9,875;14,2;14,2;13,6;15,1;25,3;61,6;161;75,2;;;
01/03/1975;62;34,2;22,9;76;69,2;95,5;88,5;84,75;134;90,5;56;40,4;54;38,8;29,16;34,2;46,8;64,4;43,2;44;123;153;124,5;134;126,5;125;120,5;72;37,24;56,4;58
01/04/1975;38,4;15,1;43,2;25;24,7;22,6;24,1;25,3;23,5;16,3;9,225;13;14,2;15,7;20,2;17,2;15,4;13,3;11,8;19,3;17,2;8,9;8,9;9,225;8,575;8,25;7,95;7,65;8,25;8,9;
01/05/1975;36,86;30,3;21,7;19;14,8;13,6;12,1;10,525;9,875;9,55;8,9;8,575;8,25;7,95;7,65;16,9;99,5;97,5;79,35;38,8;30,3;22,6;20,2;18,1;15,1;14,5;13,9;13;11,8;11,175;10,85
01/06/1975;11,175;28,4;70,8;58;33,03;49,6;70,4;40,8;53,6;14,8;10,525;33,03;37,24;32,25;30,3;20,8;9,55;8,25;28,02;29,92;35,72;29,16;20,2;25,3;16,6;16,3;8,25;10,2;33,81;17,2;
01/07/1975;12,7;11,8;11,8;11,5;14,2;22,9;16,6;13;12,7;12,4;11,5;9,875;7,05;9,225;10,525;22,3;35,72;23,2;18,7;16;15,4;14,5;6,45;6,15;13,6;7,65;7,05;10,2;9,225;8,9;8,575
01/08/1975;8,9;8,575;8,25;7,35;24,1;50,8;96;133,5;101;118;81,15;84,75;88,5;96;99,5;105;114;104,5;57,6;27,26;25;22,3;20,2;18,7;17,5;16,9;16,3;18,1;14,8;19,6;81,6
01/09/1975;149;137,5;133,5;110,5;86,55;41,6;40;102,5;104;82,95;154;322,7;283,2;152,5;85,2;150;150;148,5;162;162;153,5;181,5;224,4;204;164;140;134,5;149;151,5;178,5;
01/10/1975;182;350;375,2;280,8;222;189,5;161;177;173;167,5;159;153,5;144;213;202,2;162;140,5;116,5;80,7;48,4;35,72;31,08;28,4;24,7;22,9;21,7;20,5;19,3;17,5;16,9;14,5
01/11/1975;23,2;32,25;33,03;25,9;24,1;23,2;25,9;13,9;16;19,9;16;12,7;11,5;10,85;10,525;9,225;13,3;30,3;22,3;18,7;30,3;22,9;25,9;109;122,5;131;109,5;58;44,4;57,6;
01/12/1975;50,8;114,5;130;142;152;141,5;172;175;173;186;166;177;247,8;213,6;132;106,5;101;119,5;142;138,5;130;108,5;76,8;96,5;75,6;54;86,1;102,5;84,75;44,4;21,1
01/01/1976;24,4;27,26;17,2;23,8;21,7;62,8;70,4;89,5;75,2;76,8;74,8;68;147;113,5;112;95,5;62,4;52;44;40;52;47,6;40,4;29,16;37,24;92;96,5;101,5;81,6;50,8;40,4
01/02/1976;42,8;61,2;41,6;31,86;26,5;22;17,8;10,525;25,6;19,6;14,5;13,3;12,7;12,1;10,85;10,525;11,8;12,4;28,02;22,6;25;18,4;11,5;6,75;66;16,9;7,65;6,15;6,15;;
01/03/1976;7,65;15,1;21,7;135;145;155,5;142,5;90,5;24,1;13,6;47,6;41,6;58;48;46,8;57,6;55,6;81,15;56,4;46;43,6;50,8;42;33,03;28,02;31,47;38,8;46;36,1;27,26;24,4
01/04/1976;22,3;20,5;19,6;19;18,1;22,9;21,1;17,2;18,4;27,64;25,3;21,4;18,1;17,5;16,6;15,4;13,9;13;12,1;12,1;11,8;10,85;10,2;9,55;8,25;7,65;7,65;7,65;7,95;8,25;
01/05/1976;7,95;7,65;7,35;7,35;7,35;7,95;7,65;7,95;8,25;19;56;26,5;19,3;17,8;22,6;29,92;21,7;23,2;23,5;26,88;24,4;27,26;26,5;22;38,8;37,62;130;220,2;298,2;230,4;202,8
01/06/1976;190;168;150,5;130;163,5;213,6;174;138;98,5;75,6;106,5;93;74;70;66,4;53,6;48;43,2;38,4;31,86;28,78;27,26;25,3;22,9;22,3;20,5;18,1;18,7;17,8;16,6;
01/07/1976;15,7;15,1;16,3;19,6;17,5;15,4;14,8;23,5;24,4;21,4;16,6;15,7;16,6;18,4;17,2;15,4;13,3;11,8;11,5;12,1;11,8;11,8;11,175;10,85;10,525;19,9;64,4;45,2;73,6;51,6;59,6
01/08/1976;46,4;36,48;28,78;39,2;72,4;81,6;76;66,8;129,5;179,5;135;126,5;110,5;93,5;54;33,81;33,81;33,03;69,2;53,6;39,2;38;34,2;26,5;23,2;22,6;21,1;19,6;18,1;17,5;16,3
01/09/1976;14,5;13,9;13,9;22,6;81,15;66,8;142;167;160;110,5;60,8;48,4;43,2;36,1;31,86;26,88;23,5;22;19;18,7;18,1;17,5;16,3;15,1;14,2;13,6;13,6;13,6;13,3;12,4;
01/10/1976;10,85;10,2;9,875;10,2;18,7;18,4;12,4;11,5;15,4;14,8;11,5;10,2;10,2;8,9;11,8;74;130,5;55,2;87;62;46,8;38,4;27,64;23,8;30,69;53,6;59,6;44,4;36,1;28,78;26,5
01/11/1976;23,8;22,6;15,4;32,25;69,2;77,2;53,6;43,2;30,3;22,9;18,4;18,1;18,4;17,2;16,3;16,6;16,6;14,8;40,8;33,03;28,78;22,9;16,9;14,2;12,7;12,4;13;9,55;8,575;104;
01/12/1976;317,1;292,2;157,5;160;168,5;168;160;166;165;153;111,5;43,6;33,42;27,26;23,5;22;20,2;18,4;16,9;25,9;34,58;20,8;90;70;53,6;36,86;63,2;53,2;36,86;24,7;13
01/01/1977;9,55;62,8;40,4;51,6;125;91,5;62,4;42,4;39,6;54;69,6;56;75,2;208,2;143;144;161,5;248,4;264;182,5;140;145,5;152;146;155;153;130;128,5;124;52,4;75,6
01/02/1977;76,8;70,4;87,5;83,4;62;127,5;155,5;102,5;61,6;59,6;131,5;88;84,3;59,2;46,4;36,1;31,47;25,9;23,2;19,9;19;18,4;17,5;14,5;9,55;17,2;22,3;22,9;;;
01/03/1977;25,9;48,4;33,03;114,5;108;90;65,2;52,8;42,4;33,03;27,64;26,5;28,4;30,3;35,34;62,4;45,2;31,47;25,9;23,5;100,5;105;96,5;72,4;77,2;77,6;62;50;72,4;65,6;115,5
01/04/1977;128;103,5;87,5;66;56,4;43,2;33,81;36,48;38,4;43,2;36,48;30,3;25,6;24,7;22,6;20,8;20,8;33,81;26,2;24,4;28,02;31,08;23,5;21,7;19,3;18,1;17,5;16,6;16;14,5;
01/05/1977;13,3;13,3;17,5;16,3;14,2;7,95;8,575;15,7;11,5;11,5;30,3;19,9;15,1;13,6;11,5;10,85;10,525;10,2;9,55;9,55;9,225;8,9;7,95;8,575;8,25;8,575;8,575;8,575;7,95;7,95;8,9
01/06/1977;8,25;7,65;7,35;7,35;7,05;6,75;6,45;6,45;6,45;6,45;6,15;5,85;5,25;5,55;6,45;8,575;8,575;7,65;6,75;13,9;13,9;12,7;9,225;9,225;20,5;16,9;14,2;11,8;8,575;7,65;
01/07/1977;7,35;7,05;7,05;6,75;6,45;6,45;6,15;6,15;5,85;5,55;5,25;5,25;5,25;5,55;5,55;7,35;6,45;5,55;5,25;5,25;5,015;5,85;18,4;30,3;50,8;24,1;18,4;13,9;11,8;11,175;10,525
01/08/1977;26,5;46,8;30,3;20,5;18,7;16,9;13,3;11,8;11,175;10,525;9,875;9,55;9,225;9,875;10,2;134,5;305,2;361,9;242,4;172;171;165,5;169;153;126;80,7;27,26;22,6;21,7;26,2;39,2
01/09/1977;26,2;31,47;22,3;22,9;23,5;21,1;20,5;38,8;21,7;29,92;22,3;19,3;16,6;15,1;14,5;69,6;64,8;47,2;36,48;27,64;22,6;21,1;21,1;20,5;18,4;16;14,5;13,9;14,2;15,1;
01/10/1977;100;161,5;161,5;159;140,5;134;117;49,6;37,24;31,86;31,08;90,5;147;137,5;87,5;194,4;279;191,5;186;183;183;170,5;158,5;153;150;142,5;127;51,6;28,02;25,6;23,5
01/11/1977;40,8;39,6;23,2;29,92;24,7;22;21,7;21,1;20,8;22,3;169;187;98,5;113,5;109;95;49,2;27,64;22,9;22,3;22,6;32,64;28,4;25;48,4;48,8;36,1;35,34;34,2;32,64;
01/12/1977;28,4;25;50,4;42;28,4;30,69;78,45;64;43,6;31,86;31,47;22,9;22,3;20,8;19,3;17,2;16;14,5;13,3;11,8;13,3;14,8;15,4;15,4;16;12,4;11,175;10,525;9,55;8,25;7,95
01/01/1978;21,1;16,9;14,2;11,8;9,875;9,55;13,6;15,4;36,1;25,9;14,8;15,1;10,525;9,875;12,1;9,55;9,55;9,875;17,5;48;36,86;19,9;33,81;32,64;29,92;26,2;42,4;29,16;25,9;72;44,8
01/02/1978;31,86;29,16;22,6;20,8;21,4;20,8;19;15,7;12,4;10,85;9,875;8,9;8,25;11,175;11,8;15,1;11,5;9,55;7,95;6,75;11,175;37,24;25,3;19,3;13,9;10,2;11,8;11,8;;;
01/03/1978;14,2;33,81;106,5;86,1;51,2;31,08;23,2;19;16,6;14,8;41,6;72,8;56,8;74;69,6;74;50,8;22,3;19,3;16,6;15,1;13,9;13,6;16,3;14,8;17,2;43,2;37,24;24,4;15,1;15,1
01/04/1978;13,3;11,5;10,85;10,2;9,55;9,55;9,225;8,9;8,25;7,65;7,65;7,35;7,35;7,35;7,05;6,75;7,05;5,85;5,55;5,55;6,15;5,85;5,25;5,25;5,015;5,015;5,015;4,78;4,78;4,545;
01/05/1978;4,545;4,545;4,545;4,075;2,9;5,25;4,78;4,545;4,545;4,545;4,545;4,31;4,31;4,075;4,075;4,78;7,05;6,45;6,15;5,85;4,78;3,84;4,31;5,55;5,25;4,78;3,84;3,605;3,605;3,605;3,37
01/06/1978;3,37;3,135;2,9;2,9;2,9;2,9;3,135;19,3;17,2;7,35;5,015;4,78;4,545;4,545;4,31;4,075;3,84;4,075;4,31;4,545;12,1;14,5;8,25;7,05;6,45;6,15;5,55;5,25;4,78;4,31;
01/07/1978;4,31;4,31;4,31;4,545;5,25;5,015;4,31;4,075;4,075;4,075;3,84;3,84;3,84;3,84;3,84;3,84;3,84;11,5;14,5;17,2;93;93;76,8;68;61,2;35,34;22,3;19;15,1;11,5;11,175
01/08/1978;11,5;11,175;10,2;9,55;8,25;6,75;6,75;7,05;7,05;6,75;6,75;12,7;74;48;27,64;20,2;16,6;14,2;12,1;11,5;17,5;15,4;12,4;10,525;9,55;8,25;7,65;7,35;7,95;7,35;7,05
01/09/1978;7,05;13,9;79,8;180;156,5;113,5;63,6;44;39,2;29,16;24,7;21,4;18,7;18,1;70,4;73,2;46,4;36,1;30,69;24,1;21,4;18,4;15,7;13,9;13,3;13;11,8;10,85;10,2;9,55;
01/10/1978;9,225;8,575;8,575;8,575;8,25;7,65;7,05;6,15;5,55;6,45;8,25;7,65;7,05;7,95;8,9;8,575;7,95;7,65;101;160;107,5;80,7;42;29,16;22,9;19,9;20,8;19,3;16,3;17,2;40,4
01/11/1978;59,6;35,34;25;62;48;33,42;24,4;19,9;18,4;16,3;15,4;13,6;13;12,4;10,85;9,55;10,85;10,2;17,5;54,4;45,2;62;50;29,92;23,8;20,5;19,3;16,6;13,9;11,5;
01/12/1978;10,525;9,55;8,25;8,9;17,5;17,2;18,7;16;14,2;11,175;9,875;9,55;8,575;7,95;10,2;17,2;23,5;16,3;16,6;11,175;10,525;8,25;7,65;7,05;29,54;245,4;151,5;117;137;130,5;122
01/01/1979;76,8;45,6;37,24;30,3;21,7;19,3;16,3;18,1;14,2;12,4;10,85;9,875;8,575;8,25;7,95;7,65;7,35;7,05;6,75;6,45;6,15;5,85;5,55;5,25;5,25;5,25;5,015;5,25;5,85;5,55;5,25
01/02/1979;5,015;4,545;4,075;3,37;3,84;3,605;3,37;4,31;8,575;7,95;7,05;7,95;13;11,175;7,95;5,85;5,25;5,015;9,55;14,8;9,55;7,65;7,65;14,5;38,8;28,78;19,3;14,5;;;
01/03/1979;9,875;11,8;10,85;8,25;7,35;7,05;6,75;10,85;28,02;31,47;20,8;24,7;33,81;96,5;85,2;56,4;44,4;23,5;22,3;16,6;14,5;12,4;10,525;9,55;8,575;7,95;7,65;7,35;7,35;7,05;7,05
01/04/1979;6,45;5,85;21,4;65,6;36,48;31,86;24,1;15,1;12,4;11,175;10,525;9,55;7,95;8,25;8,575;14,2;24,4;58,8;42,4;24,1;19,6;16,6;13,3;12,1;11,175;10,525;9,875;9,225;8,25;9,875;
01/05/1979;9,55;8,9;10,525;54;41,6;26,5;18,7;32,64;257,4;234;184;196,8;193,2;201;214,8;202,2;180;149;82,05;44,4;37,24;34,2;32,64;29,92;26,5;23,8;20,8;20,2;22,3;30,69;23,2
01/06/1979;20,2;17,5;15,4;14,8;15,1;19,3;41,6;70;61,6;45,6;34,96;29,54;25,9;22,6;19,6;17,8;16;16;15,1;13,9;13,6;13,3;12,7;11,5;13,3;12,7;11,8;11,8;11,175;10,525;
01/07/1979;9,875;9,55;12,4;11,8;10,2;10,525;25;44;73,2;56;40,8;30,69;26,88;23,5;20,8;19;18,4;18,1;18,4;18,4;15,1;13;12,7;12,4;12,4;18,4;19,6;15,4;13,3;12,7;10,85
01/08/1979;5,55;17,2;11,175;10,2;9,875;9,225;9,55;10,2;10,2;9,875;8,9;8,25;8,25;9,225;17,5;13,9;15,1;82,95;119;79,8;49,6;40;26,88;22,6;19,6;16,6;16,3;15,4;14,2;13,9;12,7
01/09/1979;12,4;16,3;16;14,8;15,1;13,9;10,525;10,2;9,875;10,525;58,8;104;70,4;86,1;64,8;45,6;35,34;32,25;31,08;22,6;21,7;23,5;43,6;34,2;25,6;29,92;22,3;21,4;21,7;45,6;
01/10/1979;128,5;112;183;157,5;159,5;160,5;199,2;205,2;154;158;195,6;194,4;196,2;186;207;190,5;157;76,4;44,4;37,24;31,86;28,78;25,9;38;148;190,5;157,5;100;115;158,5;165
01/11/1979;128;107;76,4;59,6;50,4;44,4;36,48;45,2;58,8;101;150;139;94;58,4;46,8;41,2;39,6;42,4;47,6;31,86;25,6;43,6;47,2;42,8;76;79,35;42,8;34,96;29,16;26,2;
01/12/1979;27,64;33,03;26,88;76;99;57,6;68,8;51,2;38,8;37,24;42;33,03;33,03;74,8;98;174,5;155;133,5;89;52,4;43,2;40;34,58;30,3;24,1;22,6;21,4;18,7;16,3;14,5;31,08
01/01/1980;26,88;17,8;15,7;13,9;12,1;9,55;26,2;22;40,8;72,8;46,4;28,02;20,2;17,2;15,4;14,2;25,6;65,6;91,5;59,6;37,24;25,9;22,9;32,25;44,8;62,8;52;39,6;43,2;32,64;24,4
01/02/1980;22,3;20,2;18,1;16,3;14,5;14,2;22;16,6;13,3;12,4;14,5;19,3;14,2;10,85;9,225;9,875;11,8;16,9;15,7;12,1;10,2;9,225;10,85;19,6;13;13,6;25,3;24,7;125;;
01/03/1980;194,4;139;172,5;153;182,5;180,5;217,8;202,2;200,4;188;176;189;182,5;140,5;64;48,4;43,2;37,24;33,03;28,4;25,3;22,9;20,5;19,9;19,3;17,8;19;29,92;23,8;22;19,9
01/04/1980;17,8;15,7;15,1;13,9;13;12,4;11,5;10,85;10,2;10,2;9,875;9,55;11,8;28,02;69,6;38;23,5;19,3;17,2;15,4;13,9;13;12,7;11,8;11,175;10,525;9,875;9,875;9,55;9,225;
01/05/1980;8,25;10,2;9,875;8,25;8,25;8,25;8,575;17,5;31,86;34,96;74,8;40,4;26,5;21,1;18,4;16,3;15,4;14,5;16,9;17,8;20,5;34,96;21,1;16,3;14,8;13,9;13,3;12,1;11,5;11,5;10,85
01/06/1980;9,55;11,8;11,5;10,85;9,55;8,9;8,9;8,25;7,95;7,65;7,65;7,05;10,2;10,85;8,575;7,05;7,05;6,75;6,45;11,175;22,9;47,6;25,9;19,6;41,2;106;58;36,48;28,78;24,1;
01/07/1980;40,4;130;90,5;120;135,5;116;60,4;46,4;70,8;84,75;60,4;53,2;52,8;46;38;30,69;26,5;24,4;22,3;20,8;19,9;18,4;16,9;15,7;14,8;14,2;15,4;15,7;28,78;239,4;223,2
01/08/1980;160;114;147;146;121;52,4;43,2;33,42;32,64;29,54;30,3;25,9;24,1;20,5;19,9;19,3;19,3;25,3;24,1;69,2;151,5;141;162;162;171;169;198;198;193,8;185;181,5
01/09/1980;164;193,2;246;219;210;197,4;173;113,5;58,8;52,4;40,4;38;34,96;32,25;50;66,4;54;45,2;44,4;45,2;65,2;59,6;46;37,24;31,08;25;24,1;34,2;49,2;35,72;
01/10/1980;29,16;25;22,9;21,1;18,7;17,5;16,3;28,78;45,6;28,02;25,3;33,42;71,6;60,4;46,8;38,4;31,08;26,5;47,6;30,3;82,5;86,1;77,2;65,2;54;47,2;51,6;52;45,2;96;227,4
01/11/1980;175,5;111;66,8;52,4;44,4;40,4;42;35,72;51,6;68,4;44,4;34,96;29,54;25,3;20,8;18,7;18,7;17,2;16,3;16,9;16,3;15,7;16,9;22,9;17,5;14,5;13,3;15,1;15,1;14,5;
01/12/1980;12,7;15,7;88,5;76;77,2;54;87;59,6;42;33,81;57,2;70;97;71,2;49,2;36,48;28,02;24,1;22,9;212,4;411,6;368,2;337,4;261,6;205,2;187,5;191,5;182;250,2;231,6;228
01/01/1981;216,6;216;199,2;175,5;182;144,5;77,2;56,4;44,4;38,8;31,86;28,78;26,88;34,2;36,1;26,5;24,1;22,3;28,78;38,8;44,8;33,81;27,64;25,3;22,3;19,6;18,4;17,8;13,9;60,4;89
01/02/1981;58;48,4;58;50,8;81,6;102;108;88;69,2;70;88,5;78;63,2;59,6;50,4;39,6;30,3;25,3;22,3;19,9;19,9;16,6;18,7;19,9;42;26,88;23,5;17,8;;;
01/03/1981;15,7;13,9;18,7;17,8;15,4;16,3;22,9;40,4;30,3;20,5;18,1;15,1;12,7;11,175;10,2;9,225;15,4;14,5;11,5;10,85;9,875;8,575;7,95;7,65;7,35;7,05;7,05;12,7;40,4;30,3;17,5
01/04/1981;11,8;10,85;9,55;9,55;8,9;8,575;8,25;8,25;7,65;7,35;7,05;7,05;7,05;6,45;7,05;9,55;7,95;6,45;6,45;5,85;5,85;5,85;7,65;7,05;15,4;35,72;65,6;66,8;54,8;34,2;
01/05/1981;24,1;17,8;16,6;16,9;16,9;14,5;11,5;10,525;10,2;9,225;8,575;8,25;8,25;7,65;7,05;6,75;6,15;6,75;7,05;7,05;8,25;8,575;7,65;6,75;6,45;6,45;6,45;7,65;8,25;7,35;6,75
01/06/1981;6,45;6,45;6,15;5,85;6,15;6,45;22,3;27,64;17,8;13;11,5;12,1;11,175;8,575;7,95;9,875;9,225;7,65;7,05;5,85;5,015;5,015;6,75;8,9;14,5;10,85;7,95;6,45;6,45;6,45;
01/07/1981;6,45;16;18,1;13,3;9,875;9,55;10,2;10,85;11,175;9,55;7,95;6,45;5,55;5,85;5,85;5,25;5,55;4,78;3,84;2,9;3,84;4,075;3,84;3,37;22,3;73,2;42,8;26,2;19,9;16,9;16,3
01/08/1981;14,5;12,1;11,5;10,525;9,225;8,25;8,25;9,225;10,85;10,2;9,55;8,25;9,55;11,5;8,9;6,75;5,85;7,05;5,85;7,95;7,35;6,45;5,85;5,85;7,05;7,05;8,575;16,3;21,1;50,8;40,8
01/09/1981;29,54;29,54;27,26;68;46,8;25,3;18,7;15,7;13,3;11,8;10,2;9,55;5,85;6,75;7,65;6,75;5,85;5,85;5,015;4,78;11,5;38;28,78;26,5;68;123;89;54;37,24;28,78;
01/10/1981;22,9;19,9;17,5;23,5;28,02;23,2;44,4;40;35,72;30,3;28,4;25,9;24,7;25,9;21,1;19,6;17,2;13,9;12,4;16;20,5;18,4;14,2;12,1;9,875;10,525;19;26,5;41,2;51,2;58,4
01/11/1981;47,6;33,42;28,78;43,6;32,25;25,3;46,8;35,72;42;70,8;47,2;34,2;28,78;25;21,1;18,7;15,1;13,3;22,3;21,4;15,1;12,4;11,175;10,2;9,225;8,25;8,9;7,95;6,45;28,78;
01/12/1981;39,6;64,4;45,2;28,02;21,4;27,26;43,6;31,86;25,9;32,64;28,78;24,4;20,5;16,9;15,1;13,3;11,175;9,875;9,225;8,25;14,5;167;160;73,2;121;149;134;96;34,2;24,4;20,5
01/01/1982;18,7;50,4;46,8;33,42;28,4;23,5;19,6;18,1;21,4;20,5;48;29,54;18,7;15,7;13,6;12,1;10,2;10,2;9,55;8,9;8,25;8,25;9,875;9,55;8,9;7,65;6,75;4,78;5,25;6,45;6,15
01/02/1982;6,15;5,85;6,15;15,7;148,5;198,6;152;74;35,34;44,4;58,8;63,2;56,8;70;76,4;90;155;170;137;140;75,6;83,85;128;181;187;193,8;160;92;;;
01/03/1982;77,2;54,8;46,4;38,8;34,96;29,54;25,6;24,7;22,6;24,7;22,9;23,8;22;18,4;18,4;22,3;16,3;74;56,4;94;99;129;103;58,4;58;55,6;48;37,62;136;200,4;179
01/04/1982;140;77,2;50,8;43,6;38;34,96;31,86;26,88;23,5;22,3;22,9;20,8;19,3;18,1;18,1;19,3;15,7;14,5;13,9;14,5;13,9;13,6;13;12,1;11,5;11,175;11,175;12,1;12,1;12,7;
01/05/1982;11,5;10,2;9,875;10,2;10,2;9,55;9,55;8,9;8,25;8,9;27,26;30,3;15,1;12,1;11,8;10,525;10,2;9,875;9,875;9,55;8,9;8,25;7,65;8,9;68,4;141;79,8;40,8;28,02;23,5;20,5
01/06/1982;18,4;16,6;15,7;14,5;13,9;12,7;12,7;12,4;11,5;10,85;28,02;36,48;24,1;19,9;22,6;68,8;53,6;41,2;40,8;73,2;63,6;49,2;43,6;48,8;56,4;65,2;61,2;83,4;141,5;131;
01/07/1982;79,8;54,8;46;38;39,6;34,96;30,69;28,78;30,69;28,02;28,78;69,2;189;197,4;178,5;136;70;76,8;66;52,8;46,8;40,4;36,48;32,64;28,78;26,88;25,6;24,1;22,9;22,3;20,5
01/08/1982;18,7;21,1;35,72;25,6;21,1;19,6;18,7;17,8;18,7;22,9;21,7;20,2;18,1;16;13,9;28,78;77,2;90;86,1;60,4;46,4;38;57,2;99;72,4;54;43,6;39,6;34,2;33,42;42
01/09/1982;65,2;50,8;42;34,2;29,16;31,08;33,42;28,02;25;22,3;19,9;18,7;18,4;16,9;15,7;14,5;13,9;20,8;22,3;16,3;14,8;13,9;13,3;12,7;12,7;12,1;12,7;13,9;10,85;11,5;
01/10/1982;12,7;54;38;23,8;19;16,9;117;199,2;181;174;179;130;85,2;56,8;49,6;38;32,64;49,2;44,8;31,86;25,9;33,42;126;123;83,85;62;58,8;81,6;49,6;50;40
01/11/1982;34,2;31,86;46;55,6;164,5;232,8;196,8;216,6;174,5;167;180;183;186,5;187;265,2;208,8;126,5;134;146;158;161,5;173;179,5;192;174;177,5;188;175;185;161,5;
01/12/1982;146,5;104;202,2;198,6;165;105;66,8;55,6;44,4;38,8;34,2;30,69;28,02;28,4;27,26;46,8;32,64;25,6;53,2;40;32,64;38,8;87;85,65;52,4;36,48;28,78;23,8;22,6;18,7;18,7
01/01/1983;26,5;24,1;19,9;17,5;16,9;173;276;173;174;175,5;169;184,5;169;151;91;55,2;201,6;185,5;144;150;111;70,8;54,8;41,6;34,96;30,3;25,9;42,8;94;219,6;199,2
01/02/1983;102;160;150,5;88;53,2;46;42,8;59,6;43,6;72,4;49,6;51,2;59,2;60;50,4;53,6;84,3;92;94;186;188,5;143;128;142;151,5;124;98;185;;;
01/03/1983;220,8;126;163;222;136,5;167;186;182;199,2;189;196,2;191;184;180;156;78,45;34,2;31,08;31,86;28,78;25,6;22,9;21,1;20,5;21,1;20,5;18,7;17,5;17,5;16,9;15,7
01/04/1983;15,7;15,7;16,3;15,7;46;95,5;67,6;44,8;29,92;23,2;21,4;19,6;17,5;16,9;20,5;22,6;20,8;73,6;152;100;52,4;44;36,86;45,6;59,6;44;36,1;32,64;28,78;25,9;
01/05/1983;29,54;69,2;86,1;77,2;69,2;59,2;55,6;56,4;54,4;164;199,2;188,5;155,5;89;67,2;65,2;75,6;62,8;105,5;354,2;286,8;163;176;178;192;188;190;235,2;201,6;205,2;208,8
01/06/1983;184;195;190;181;149,5;65,2;47,6;42;39,6;46;40,8;164;201,6;157;175,5;178,5;181,5;181,5;177;140;58,8;43,6;43,2;161,5;171;142;120;154;140,5;106,5;
01/07/1983;85,2;72;71,2;59,2;52,4;148,5;362,6;;;;;;;;481,6;342,3;413,7;418,6;358,4;276;218,4;224,4;237,6;243,6;257,4;298,9;292,8;399;452,9;394,1;329,7
01/08/1983;420;483;436,1;344,4;274,8;268,8;265,2;232,8;217,8;195,6;182,5;145;64,4;40,8;39,6;38,8;50,8;81,6;75,2;52;44;39,6;35,72;34,2;31,86;30,3;27,64;25;24,4;22,9;21,7
01/09/1983;21,7;20,5;18,7;17,5;22,9;24,7;20,5;19,3;17,2;16,3;14,8;16,3;23,5;22;48,4;118,5;62;53,2;44,8;34,96;29,54;28,78;299,6;324,8;213,6;191,5;189;182,5;180;173;
01/10/1983;179;147;58,8;40,4;35,72;31,86;28,4;26,5;24,1;30,3;72,4;50;43,2;56;50,8;39,6;42;71,6;58;46,8;43,2;73,2;72,4;49,6;40,4;36,48;31,86;28,78;23,8;22,9;22,3
01/11/1983;22,3;28,78;113;137,5;73,6;51,6;35,34;33,03;30,3;25,6;61,2;155,5;84,75;50,8;57,6;56,4;38,8;32,25;29,16;52;38;30,69;24,7;18,7;21,1;17,8;16,9;17,5;25,3;21,7;
01/12/1983;19,6;25,9;50;32,25;28,02;37,62;51,6;34,2;28,4;33,03;34,2;39,2;76,4;92,5;79,8;48,8;129;146;131;170;143;82,5;85,2;62,8;49,2;40,8;35,72;30,69;43,6;50;66
01/01/1984;60,4;45,2;31,86;25,3;38;27,64;22,3;18,7;17,8;15,7;15,7;46,8;27,64;22,3;18,7;18,1;27,26;24,1;19,9;21,1;58,4;48,8;28,4;21,7;19,9;28,02;102;66;57,2;39,6;38,4
01/02/1984;46,4;45,2;41,2;31,08;22,9;20,2;19,9;18,4;17,2;16,9;17,2;11,5;10,2;12,1;11,175;10,85;10,2;9,55;9,225;8,9;9,875;8,25;21,4;21,7;21,1;48;68,4;56,4;39,2;;
01/03/1984;39,6;74,8;62;42,4;34,2;32,64;40,4;100;55,2;38,8;28,02;23,5;22,3;18,4;17,5;16,3;14,2;13;16,3;46,8;201,6;171;154;137;72,4;48,8;39,2;36,48;33,81;37,24;34,96
01/04/1984;16,6;60,4;78;47,6;35,72;29,16;24,4;22;22,9;23,5;22,9;23,5;23,2;36,48;65,6;43,6;42,8;46,8;77,2;77,2;48,8;37,24;26,5;47,6;42;33,42;26,5;23,5;21,7;27,26;
01/05/1984;25,9;23,5;21,1;19,9;17,8;16,9;16,3;15,1;35,72;29,16;26,5;66,8;60,8;173;162;93,5;59,6;53,2;44,4;54,8;121;76,4;57,2;48,4;40;35,72;31,08;28,02;26,2;24,7;22,6
01/06/1984;21,1;19;18,7;18,7;21,1;17,5;22,3;18,7;15,7;17,2;16,3;15,7;21,4;51,6;224,4;278,4;134,5;160;189;206,4;190;165;79,35;44;39,6;34,96;31,08;27,26;25,3;23,5;
01/07/1984;22,6;22,9;22;41,2;37,62;25,3;32,64;28,4;25,3;23,8;24,7;19,9;31,08;91,5;80,7;82,5;59,6;48,4;42;37,24;43,6;41,2;34,96;29,16;27,64;25,3;23,8;21,7;19,9;18,1;18,1
01/08/1984;18,1;40;57,2;46,8;96;411,6;;;515,9;432,6;331,8;278,4;255,6;246;235,2;214,8;189;167;93,5;46,8;43,6;52;60,4;49,6;113,5;103;73,2;58,8;50,4;44,8;41,2
01/09/1984;38,4;34,96;32,64;29,16;27,26;25;22,3;28,78;27,26;22,9;21,7;20,5;22,9;25;24,4;21,1;18,7;18,1;22,9;70,8;46;29,54;22,9;21,1;65,2;214,8;161;93;58;47,6;
01/10/1984;41,6;34,96;30,69;28,02;25;71,6;97;63,6;252;246;106,5;183,5;98;64;52,4;46,4;40,8;49,2;46,4;35,72;25,9;23,5;24,1;28,4;29,54;24,7;19,3;17,2;16,3;16,3;21,7
01/11/1984;19,9;19,9;36,48;25,9;41,2;218,4;220,8;212,4;196,8;190,5;177;162;112;83,4;66;57,6;53,2;50;46;46,8;52;49,6;39,6;36,86;64,4;87;60;44,4;36,48;32,64;
01/12/1984;34,96;46,4;34,2;27,26;24,4;21,7;64,4;131,5;78;69,2;56,4;44,8;29,54;68;58,8;41,2;35,34;41,2;29,16;18,1;25,6;19,6;15,1;14,5;14,5;19,9;19,9;17,8;14,5;15,7;25,3
01/01/1985;2,135;2,135;2,135;2,288;1,982;1,676;1,676;1,676;1,37;1,37;1,982;1,676;2,594;7,35;10,2;5,25;3,37;2,9;13,3;25,3;18,1;12,7;11,5;9,55;5,015;2,594;13,9;12,1;9,875;4,075;53,2
01/02/1985;69,2;99,5;64;40,8;22,9;15,1;11,5;10,85;16,9;17,5;24,7;62;50;34,2;22;22;21,1;16,9;20,5;18,4;34,96;22,3;15,4;29,92;39,2;25,9;61,2;127;;;
01/03/1985;48,4;38;32,64;32,64;31,08;34,2;32,64;28,02;34,96;28,78;54;26,5;22,3;19,6;19,6;18,7;16,3;15,1;14,2;13,3;15,1;18,1;18,1;19,9;70,4;123;69,2;43,6;33,81;27,26;9,55
01/04/1985;21,7;30,3;17,2;16,6;61,2;186;187,5;112;87;52,4;42,8;38,8;39,6;31,86;29,54;57,6;48,8;38,4;31,86;28,02;24,1;22,3;20,5;19,3;18,1;62;51,2;34,2;28,78;28,02;
01/05/1985;24,1;20,5;18,7;16,6;15,7;15,7;15,7;18,7;42,8;76,4;41,2;29,16;24,7;21,7;19,9;18,7;16,9;16,3;14,8;15,7;15,7;14,8;13,9;13;14,5;11,5;11,8;11,5;10,85;10,525;9,875
01/06/1985;10,2;9,225;10,85;10,2;8,9;7,95;7,65;7,05;7,05;6,75;7,05;6,75;7,05;7,05;7,35;7,05;6,45;7,65;7,05;6,75;7,05;6,45;5,85;6,45;5,85;5,85;5,85;5,85;5,85;5,85;
01/07/1985;8,25;10,525;9,55;10,85;10,85;13,3;38,8;48,4;20,5;15,7;13,6;11,5;10,525;8,9;8,9;8,25;8,25;9,225;8,9;8,575;7,05;7,65;8,25;7,65;7,65;7,65;7,65;7,05;7,05;8,25;8,25
01/08/1985;7,65;7,05;7,05;7,05;7,05;7,05;7,05;7,05;7,05;7,05;7,05;7,05;7,05;7,05;7,05;7,05;7,05;7,05;7,05;7,05;7,05;6,75;7,05;7,05;7,05;7,05;7,05;6,75;7,05;7,05;8,575
01/09/1985;17,5;16,3;10,85;33,81;43,6;14,5;9,55;7,65;7,65;7,65;7,05;7,05;7,05;7,05;7,05;7,05;7,05;7,35;7,05;31,08;38,8;19,9;12,7;10,2;8,25;7,05;7,05;7,05;7,65;25,3;
01/10/1985;25;13,9;10,525;7,95;7,35;7,05;7,65;8,575;7,65;7,05;7,05;7,05;7,05;7,05;7,05;9,55;31,86;24,7;13,9;35,72;46,8;25,3;17,8;13,9;12,1;10,2;8,25;8,9;19,9;21,1;21,7
01/11/1985;31,86;36,86;69,2;253,2;225,6;177;128;46,8;34,2;25,9;18,1;23,5;15,1;14,5;12,4;10,85;10,2;8,9;9,55;9,225;9,55;9,225;12,1;8,575;7,65;7,65;7,65;7,65;7,65;7,65;
01/12/1985;7,65;7,65;7,65;7,65;7,35;7,35;7,65;7,35;7,35;7,35;7,05;7,05;7,35;7,35;7,05;7,05;5,25;2,9;3,37;3,84;4,31;3,84;3,84;3,37;3,37;2,9;2,594;2,594;2,441;2,594;1,829
01/01/1986;2,135;2,135;2,135;2,135;1,982;1,676;1,676;1,676;1,37;1,37;1,982;1,676;2,594;7,35;10,2;5,25;3,37;2,9;13,3;25,3;18,1;12,7;11,5;9,55;5,015;2,441;13,9;12,1;9,875;4,075;29,54
01/02/1986;67,6;99,5;64;40,8;22,9;15,1;11,5;10,85;16,9;17,5;24,7;62;50;34,2;22;22;21,1;16,9;20,5;18,4;34,96;22,3;15,4;29,92;39,2;25,9;61,2;127;;;
01/03/1986;92;49,6;35,34;17,5;23,5;17,5;13,9;11,5;8,9;8,25;25;48;32,25;21,7;31,08;22,3;31,86;44;56,4;42,8;27,64;21,7;16,3;16,3;19,3;21,1;18,4;12,4;10,2;8,25;7,95
01/04/1986;9,875;8,25;8,25;8,9;25,3;38,8;74;68,4;40,4;29,16;23,5;21,1;15,7;14,5;22,9;18,7;14,8;13;11,175;10,2;10,85;10,85;10,2;8,9;8,9;8,575;11,175;9,55;8,25;8,575;
01/05/1986;8,25;8,25;8,25;8,25;8,9;8,9;8,9;8,575;8,25;8,25;8,25;9,225;8,9;8,25;8,575;8,9;8,9;13,3;16,9;12,4;8,25;7,95;7,95;7,65;7,65;7,65;7,65;7,65;7,65;16,3;102
01/06/1986;55,6;31,08;21,7;17,5;15,1;13,6;13;10,525;9,875;9,55;8,25;8,25;8,25;7,65;7,65;14,5;12,1;9,225;7,65;7,35;7,65;7,65;7,65;8,25;7,65;7,65;7,65;7,65;7,65;7,65;
01/07/1986;7,35;7,65;7,65;7,95;7,95;7,65;7,65;7,65;7,95;7,95;7,95;8,25;8,25;8,25;8,25;7,65;7,65;7,65;13,3;21,7;19,3;13,3;10,2;8,575;7,65;7,65;7,65;7,65;7,95;7,65;8,25
01/08/1986;7,95;7,95;8,25;7,65;7,65;7,65;7,65;7,65;7,65;7,65;7,65;7,95;7,65;9,225;18,4;24,1;14,5;10,2;8,25;7,95;7,65;7,65;139;99,5;44;28,02;10,85;21,4;16,6;14,8;12,1
01/09/1986;12,7;12,1;11,175;10,85;13,3;12,1;9,225;9,55;8,9;9,225;8,9;9,225;8,9;8,575;8,575;8,9;12,4;20,2;52,4;112,5;195;159,5;89;81,6;122;84,75;62,8;50,8;33,81;40,8;
01/10/1986;28,78;25;22;20,2;16,6;16,6;16,3;17,5;28,02;219;211,2;171;93,5;44;48;35,72;26,88;32,25;33,03;26,2;54;68;44;32,64;26,5;22,3;20,8;20,8;22,3;23,8;21,4
01/11/1986;19,6;32,25;72,4;154;151,5;308;223,8;165,5;184;148,5;64,4;45,2;36,86;31,47;25,3;23,2;22,9;22,6;18,4;22,3;24,1;18,4;14,8;14,8;14,5;16,3;39,2;40;27,26;24,7;
01/12/1986;25;33,81;36,48;77,2;78,45;58,8;54;81,6;74,8;59,6;50;39,6;36,86;198;196,8;165;123,5;165,5;223,2;214,2;191;233,4;202,2;178;177;131;84,3;76,4;75,2;62,8;50,4
01/01/1987;42,4;36,1;31,86;25,6;23,2;16,9;22,9;22,6;27,64;28,02;148,5;113,5;156;250,2;184;243;296,8;267;228,6;195;182;159,5;72,4;46,4;44;41,2;31,08;28,78;23,8;22,6;19,9
01/02/1987;23,2;29,16;111,5;135;131,5;112;67,2;61,2;59,6;42,8;25,3;35,72;27,26;50,8;58;83,4;89,5;78,45;123,5;116,5;83,85;72,4;57,6;231,6;196,8;167;89;52;;;
01/03/1987;42,8;36,86;31,47;27,26;20,8;28,78;22,9;19,9;19,3;29,16;20,5;16,6;15,7;14,2;12,1;12,7;12,1;11,5;10,85;10,85;10,2;9,55;10,2;8,575;7,65;11,8;15,7;11,175;7,95;8,575;7,65
01/04/1987;7,35;7,65;11,5;10,2;7,35;7,05;7,95;7,35;9,225;7,05;7,65;21,1;20,8;19,6;19,6;14,5;12,1;10,2;7,95;7,65;9,225;14,5;10,85;7,95;7,65;7,05;6,75;7,05;7,65;7,05;
01/05/1987;7,05;6,75;6,75;7,05;7,05;7,65;35,72;88,5;76,4;39,2;25,9;22,9;28,78;68,4;183;187;115;53,2;89;163;276;247,2;193,2;124;58,8;37,24;48,4;37,62;33,42;29,54;25,3
01/06/1987;24,7;23,5;22,3;21,1;19,9;18,7;16,3;15,7;15,7;15,1;13,3;13,6;14,8;149;168;151;95;61,6;48,4;40;33,03;31,86;47,6;39,6;25,3;18,7;36,1;25;24,7;24,4;
01/07/1987;23,5;22,3;21,4;22,9;19,3;19;36,48;68,4;58,8;45,2;36,48;29,16;26,88;24,7;22,6;21,1;19,9;18,1;18,7;22,9;22,3;20,5;19;18,1;16,9;14,5;13,9;16,9;15,7;25,3;38
01/08/1987;25,3;19,9;17,8;17,2;18,1;52,8;45,6;33,81;26,5;23,5;22,3;20,5;19,3;18,4;17,5;15,7;15,7;58,8;53,6;72,4;54;43,6;34,2;29,54;28,02;28,02;24,1;22,3;20,5;21,1;18,4
01/09/1987;16,9;16,3;16,9;16,3;14,5;12,7;11,5;11,5;12,7;12,4;16,6;19,9;20,5;21,7;19,9;27,26;31,86;31,08;27,26;20,8;18,7;14,5;17,5;19,9;22,9;18,7;14,5;13,6;10,2;18,7;
01/10/1987;100;158,5;84,3;47,2;39,6;66;54,4;39,6;33,42;27,26;22,3;21,7;52;93;211,2;256,2;235,8;211,2;264,6;228;204;178;107,5;59,2;50,4;54,8;45,2;54,8;51,6;42;32,25
01/11/1987;25,9;24,1;23,5;22,3;21,7;24,4;19,9;16;20,2;21,7;18,1;16,9;17,5;16,3;13,9;15,7;15,7;12,4;9,875;9,225;10,85;16,6;16,3;15,7;17,2;22;16,3;12,1;9,225;9,225;
01/12/1987;7,05;5,85;15,4;6,45;18,4;5,85;13,3;18,1;13,9;10,85;9,55;7,05;6,15;6,45;6,45;6,45;6,45;6,75;7,05;6,75;6,75;6,45;5,85;5,85;5,85;3,84;2,288;3,84;6,45;13,9;16,9
01/01/1988;9,55;7,65;6,45;5,85;4,075;3,84;2,9;2,747;2,747;3,37;4,075;5,85;5,85;6,15;10,2;14,5;19,9;23,5;15,7;11,8;18,7;24,1;39,6;26,5;19,9;16;26,2;18,1;10,85;7,65;7,65
01/02/1988;13,6;28,02;22,9;16,9;12,1;8,9;11,8;10,2;12,1;23,8;25,3;19,9;12,4;9,875;9,875;15,7;43,6;28,78;17,5;12,7;8,575;7,65;7,65;7,05;8,25;33,42;26,5;19,9;60,4;;
01/03/1988;49,6;119;176;143,5;66,8;39,2;19,9;34,96;28,78;23,5;19,9;18,1;16,3;16,9;10,525;19,3;13,9;8,25;7,65;13,6;5,015;6,45;3,84;4,78;4,78;6,45;5,85;7,95;12,7;11,5;8,25
01/04/1988;5,85;5,015;6,15;5,85;6,15;5,85;10,85;24,1;14,5;7,05;6,15;5,85;39,6;40,8;19,9;13,3;16,9;12,7;10,2;9,875;12,4;24,7;29,92;28,02;30,3;91,5;81,6;58;44;33,03;
01/05/1988;29,16;58,8;148;166;145;91,5;70;224,4;200,4;152;81,6;54;78,9;84,75;57,6;46;66,4;42,4;51,6;43,6;58,8;121;199,2;259,2;193,2;182;174;141;53,2;54,8;48,8
01/06/1988;37,62;32,64;28,78;31,86;27,26;25,6;23,2;22;19,9;23,5;21,4;19,3;21,4;36,1;27,26;22;22,9;19,9;20,2;128,5;110;85,65;47,2;44,4;52,8;33,42;31,08;28,78;22,9;31,08;
01/07/1988;22,3;18,1;13,9;15,1;14,5;14,8;14,8;14,2;12,1;13,3;10,85;10,85;10,2;7,35;9,55;6,45;5,25;5,015;5,015;5,25;5,55;5,55;5,55;5,25;4,31;3,605;4,31;4,31;4,31;4,075;3,84
01/08/1988;3,84;3,605;2,9;3,84;3,605;4,075;4,78;3,37;2,9;4,31;3,37;3,37;2,9;2,135;1,829;1,982;2,9;5,25;5,25;5,25;5,25;3,37;2,9;2,9;2,9;2,9;2,594;2,135;2,594;2,594;2,594
01/09/1988;2,594;2,441;1,676;1,37;1,676;1,982;1,982;1,982;1,982;2,135;1,982;1,676;1,676;4,31;6,75;4,31;4,78;10,85;12,1;8,9;107;171;98;44,4;28,4;25,3;18,7;5,25;2,9;21,7;
01/10/1988;10,525;7,35;8,9;32,64;22,9;14,5;11,5;8,9;8,9;7,65;8,9;5,25;13,9;9,225;6,45;6,45;6,45;7,65;13;34,96;22,3;18,1;43,2;59,2;52,4;195,6;161;55,6;51,6;31,08;31,08
01/11/1988;25,9;21,7;16,3;16;13,6;12,4;7,95;2,441;11,5;5,55;9,875;16,6;29,54;19,9;14,2;9,875;9,225;7,05;6,15;8,575;10,525;9,225;6,45;2,9;2,288;1,829;2,135;2,747;2,288;1,829;
01/12/1988;1,829;2,135;2,288;1,829;1,676;1,233;0,959;0,822;1,096;0,274;0,274;0,274;0,274;2,594;2,9;2,9;2,9;2,9;2,594;3,135;2,441;1,829;2,441;13,3;12,7;12,4;10,525;5,25;2,9;11,5;19,9
01/01/1989;22,6;15,1;13;17,2;14,8;92,5;100,5;140;130,5;132;111;72,4;19,9;19,6;24,7;108,5;70;29,54;21,7;7,35;3,84;1,096;7,65;15,4;42;41,2;91,5;163;173,5;159,5;157
01/02/1989;96,5;81,15;66,4;40;20,8;13;5,55;1,982;10,85;20,2;18,1;17,5;15,7;22,3;27,26;44,8;62;52,8;56;67,6;127;74;230,4;240,6;192,6;149;69,6;82,5;;;
01/03/1989;93;52;25;54;34,96;55,2;39,2;23,5;23,5;23,5;23,5;23,5;23,5;21,1;26,5;22,6;18,1;9,875;4,545;9,55;36,1;58;47,2;25;19,6;94;64;48;35,34;21,7;22,6
01/04/1989;69,2;159,5;134,5;113,5;74;114,5;88,5;72;40;40;28,78;30,3;33,03;26,2;22,6;22;19;18,1;16,3;14,5;19,9;16;10,85;9,225;10,2;8,25;9,55;7,95;11,8;16;
01/05/1989;22,6;60,4;48;202,2;273;284,4;226,2;226,2;219;201;137;92;99,5;52;28,02;24,7;23,5;22;17,5;17,5;16,9;16,3;13,6;12,4;14,5;13,6;7,35;5,25;1,37;9,875;15,1
01/06/1989;8,25;14,5;1,37;1,233;2,9;2,9;4,075;3,135;3,135;0,959;0;0;3,605;2,135;1,676;1,676;1,37;1,233;2,441;0,959;3,605;4,075;4,545;4,78;17,2;15,7;12,4;12,4;12,4;12,4;
01/07/1989;12,4;15,7;19,6;16,3;11,5;5,55;4,075;5,25;5,015;3,605;3,135;3,135;3,84;3,37;2,9;2,747;1,829;1,829;1,096;0,959;2,9;1,096;1,233;2,441;4,075;15,4;39,2;125,5;68;69,6;70,4
01/08/1989;43,6;29,54;22,9;19;20,8;17,5;14,2;12,1;12,1;11,8;10,85;7,95;7,65;5,85;5,25;4,075;1,37;1,37;2,594;5,015;5,015;1,982;25;4,545;7,05;48;17,5;19,3;17,2;13,6;13,6
01/09/1989;28,78;21,7;15,7;12,4;10,85;10,85;37,62;24,7;57,2;40,8;33,42;208,8;301;298,9;242,4;204;174,5;179;157;70;71,2;31,08;30,69;44,8;51,6;32,64;28,02;28,02;28,4;31,08;
01/10/1989;26,5;23,8;24,4;56,8;41,2;31,08;24,7;22;21,4;20,8;43,6;62,8;49,2;37,62;28,78;24,4;25,6;24,1;21,7;19,6;16,3;13,3;13;11,5;2,135;2,288;19;25,9;15,4;12,4;11,175
01/11/1989;10,525;8,575;7,35;6,45;4,545;2,594;;21,1;;;2,9;21,7;22,6;13,9;7,95;5,85;5,25;2,9;10,2;;9,875;18,4;24,4;16,6;14,8;13;4,545;4,31;14,2;21,1;
01/12/1989;16,6;13,9;10,525;5,55;4,78;1,37;2,135;;;10,525;11,8;12,1;13;6,45;4,31;2,747;1,829;7,65;16,6;2,288;1,982;1,676;2,441;1,523;0,959;1,096;0,137;0,411;6,45;18,4;14,5
01/01/1990;42,8;162,5;196,8;176,5;108,5;56,4;53,2;73,2;170;236,4;244,8;248,4;221,4;205,8;240;222;210;198;211,8;179,5;190,5;217,2;319,9;249;204;179,5;134;109;97;34,2;35,72
01/02/1990;37,24;35,72;29,92;25;23,5;18,4;14,5;14,5;12,7;11,5;13,6;177;252,6;210;222;194,4;172;80,25;30,3;23,5;43,2;66;70,4;74,8;78,9;94,5;58;36,1;;;
01/03/1990;25;23,8;22;97;92;90,5;89,5;70;32,25;25;23,5;23,5;23,5;23,5;27,64;34,2;35,34;39,2;40,8;36,1;30,3;25;22,6;34,2;37,62;34,2;38,4;53,2;84,3;84,75;91
01/04/1990;84,75;43,6;76,4;70;60;107;89,5;112;153;139,5;140,5;78;31,47;34,2;29,54;25,3;25,3;20,5;18,7;18,4;19,3;22,6;23,8;22;25,9;18,1;16,6;40,8;104,5;103,5;
01/05/1990;66;40;32,25;26,5;24,1;21,4;20,5;18,7;17,2;16,3;14,2;13,9;11,5;12,7;11,175;10,85;18,7;31,86;18,7;12,7;12,4;10,85;9,875;8,575;8,25;7,95;6,45;6,15;19,3;255;312,2
01/06/1990;319,9;254,4;235,8;280,2;329;434;401,1;339,5;273,6;277,8;266,4;249,6;229,2;210;210;170;129,5;50;44,4;45,2;93,5;73,6;57,2;50;46;46,8;40,8;37,24;35,34;34,58;
01/07/1990;27,26;22,3;17,5;20,2;52,8;40,4;36,1;29,92;26,5;22,6;20,8;17,5;17,2;17,5;16,3;20,8;44;101;192,6;221,4;270,6;259,8;238,2;223,2;190,5;141;60,4;57,2;48;43,6;37,62
01/08/1990;33,42;30,3;26,2;24,7;22;20,5;19,3;17,5;16;15,4;13,6;13;12,1;11,175;10,85;24,1;43,2;23,5;77,6;208,8;177;101,5;52,4;44,4;44,8;64,4;118;153;89;60,4;48
01/09/1990;46;46,4;41,6;36,48;49,6;49,2;95;134,5;133,5;106;71,6;78,9;127,5;83,4;66;58;50;45,6;36,1;39,2;49,6;96,5;89;75,6;56;48;42,8;34,58;50,8;88;
01/10/1990;54,4;76;57,6;46;58;44;48;42;38;285;226,2;241,2;291;314,3;377,3;316,4;259,2;273;273;268,2;246;210;179,5;120,5;65,2;50,8;47,6;42,8;39,2;31,47;33,81
01/11/1990;49,6;41,6;38,8;43,6;36,1;32,25;34,2;33,03;146,5;227,4;178,5;151,5;102;81,6;99,5;87;214,2;182;154,5;127;153,5;172;150;122;97;80,7;72;58;39,6;32,25;
01/12/1990;7,65;10,2;36,1;42;23,2;21,1;19;17,2;15,1;14,2;9,225;21,1;16;84,75;38;23,5;20,5;14,5;16,6;12,1;9,225;7,95;4,78;4,075;12,4;7,95;5,25;4,31;16,9;14,5;7,35
01/01/1991;4,545;3,135;6,75;8,575;6,15;3,135;2,441;1,676;0;0;2,441;0;8,575;2,135;;;;;;;;;;;1,523;94;130;80,25;26,5;25,6;33,42
01/02/1991;21,7;28,4;17,5;14,8;16,9;12,1;13,9;13,6;16;21,4;34,96;23,5;22,3;17,2;9,875;8,25;10,525;23,5;23,5;17,8;7,65;2,9;4,075;2,9;;;;;;;
01/03/1991;;;;1,37;4,78;3,605;;;;;;;44;22,6;13,6;9,225;6,75;1,676;24,4;13,3;10,2;;;;;;;;;;
01/05/1991;;;;;;;;;;;;;;;2,441;2,594;0;;;;5,25;7,95;7,95;7,65;7,65;7,65;7,65;7,65;7,35;7,35;7,35
01/06/1991;6,45;6,15;5,25;4,545;6,15;4,78;15,4;21,4;11,5;9,55;7,95;10,85;9,55;8,575;5,015;4,78;5,015;8,25;8,25;8,25;202,8;181;241,8;202,8;166,5;60;38,4;31,47;47,6;22,9;
01/07/1991;19,6;19,6;17,8;16,3;14,5;12,4;11,175;12,4;12,4;14,8;103,5;64,8;38,8;26,88;25;22,6;21,1;19;18,4;16,6;14,2;14,2;46,8;41,2;26,2;22,6;20,2;17,2;16,9;16,9;16
01/08/1991;16;14,5;14,2;12,7;9,875;19,9;28,02;84,75;182,5;210;183,5;216;184,5;144,5;78;64;52,4;45,2;41,6;36,86;33,81;30,3;27,26;26,2;23,5;22,9;22;22,3;20,8;20,8;19,3
01/09/1991;16,3;18,1;19;19;17,5;16,3;15,4;13,3;13,3;13,9;13,9;13;13,3;12,7;12,7;13,3;13;12,7;12,4;15,7;9,225;14,8;15,1;14,5;16,6;11,8;11,8;11,5;10,2;11,8;
01/10/1991;26,5;23,2;14,5;9,225;12,4;107,5;224,4;163;77,2;141,5;124,5;108;64;40;35,34;26,88;40,4;28,02;28,78;27,26;25;23,2;21,4;19,6;20,8;22,9;19,3;21,1;27,26;27,26;33,42
01/11/1991;29,92;90;104;100,5;147,5;102,5;52,4;44,4;36,86;34,58;31,86;34,2;41,2;46,4;103;82,95;73,6;56,8;46,4;34,58;34,2;29,54;25,9;23,2;22,9;23,2;25;22,9;20,2;19,3;
01/12/1991;16,6;14,8;15,1;14,2;13,6;11,8;27,64;80,25;56,8;57,6;70,8;48,8;35,34;29,54;56,8;102;53,6;35,72;94,5;100;81,15;84,75;126,5;244,2;257,4;190,5;124;78,45;59,2;46,4;38,8
01/01/1992;46,4;106;95;60,4;42;34,58;25,6;25,3;29,92;27,26;28,4;30,3;29,54;28,02;25,6;21,7;16,6;14,5;10,525;11,175;7,95;13;17,5;16,9;37,24;52,8;129,5;83,4;34,2;55,2;42
01/02/1992;42,4;65,6;127;73,2;64;52,8;90;78;73,6;68;58,4;48;38,4;27,26;21,7;29,92;43,2;69,2;100,5;94,5;24,1;58,8;89,5;83,4;119;109;79,35;62;46;;
01/03/1992;34,2;26,5;50,4;55,6;56;44;50,8;54,4;54,8;58;70,4;63,2;46,8;44,4;39,6;31,47;25,9;56,8;47,2;41,2;36,1;27,26;78,45;162,5;160;119,5;85,65;64,8;54,4;54,4;72
01/04/1992;97;60;39,6;34,96;26,88;29,16;27,64;25;22,3;19,9;18,4;16,9;23,2;22,9;16,9;14,8;14,5;11,5;11,175;10,85;12,1;12,1;9,55;12,4;10,85;17,5;29,92;19,9;15,4;19,6;
01/05/1992;13;11,175;13,6;14,5;17,5;18,7;16,6;14,5;12,1;10,525;10,2;10,2;45,2;40;28,4;16,6;53,6;193,2;147,5;59,2;42,4;48;192;165,5;147;76;172;287,4;399;406;436,8
01/06/1992;417,9;387,1;357;329;295,4;273;245,4;209,4;191,5;176,5;94,5;53,2;48,8;41,6;39,2;34,58;31,08;31,47;29,54;28,78;27,64;25,9;24,4;23,5;22,9;22,9;22,9;23,5;24,4;264,6;
01/07/1992;404,6;426,3;390,6;362,6;321,3;287,4;305,9;275,4;246,6;215,4;189,5;152;66,8;60,8;56,8;55,6;51,6;51,2;57,2;51,2;46,4;56,8;67,6;56;52,4;46,8;58;81,6;63,6;54,8;49,2
01/08/1992;68,4;107;82,95;66,8;56,8;50;44,8;65,6;104;168,5;171;152;144,5;104,5;80,7;69,2;59,6;85,2;107,5;74,4;65,6;62,4;97,5;89;79,8;60;53,6;47,2;48,4;43,6;40,8
01/09/1992;39,2;34,96;34,58;31,08;28,4;28,78;24,4;23,5;22,6;23,2;16,3;41,2;46,8;42,8;31,86;34,2;28,02;23,5;26,5;25,6;24,4;23,5;20,8;85,2;121,5;125,5;64;51,2;43,2;33,42;
01/10/1992;30,69;13;28,78;22,9;21,7;20,8;20,8;21,4;19,9;19;17,8;17,5;17,5;16,3;11,5;11,5;13;13;14,8;16;20,5;21,7;15,1;13,3;12,7;11,8;16,3;14,8;20,2;20,8;22
01/11/1992;20,8;22;38,4;36,86;24,7;17,8;14,5;11,8;11,8;12,7;10,525;11,5;11,8;13,9;11,5;17,5;15,1;11,175;9,55;9,225;7,65;14,5;21,4;19,3;67,2;107;27,64;38;26,88;24,7;
01/12/1992;40,4;32,25;34,58;24,1;19,9;16,3;24,7;20,2;19,6;17,5;15,1;29,54;31,08;23,8;19,9;16,9;14,8;13,6;12,1;9,55;6,75;5,55;3,37;2,594;3,37;2,9;2,135;2,135;1,829;1,982;1,676
01/01/1993;1,829;3,135;4,545;7,35;29,54;19,9;13,3;18,7;23,2;50;103;62,8;36,1;28,02;39,2;53,6;51,6;42,4;29,54;24,1;19,3;16;14,8;11,175;9,55;13,9;41,6;45,2;136;135;117
01/02/1993;160;167;140;84,75;71,6;59,6;57,2;52;51,6;44;52,8;59,2;64,4;76,4;153;136;93;199,8;181;119;193,2;243;186;190;182;160,5;130,5;70;;;
01/03/1993;59,6;51,2;80,7;116,5;81,6;66,4;90;112,5;135,5;130;98,5;76,4;63,6;58,8;50,4;41,6;37,62;91,5;89;55,2;41,2;38;52,8;75,6;109;76,4;56,8;51,2;38,4;36,1;36,86
01/04/1993;33,03;59,2;52,8;43,6;36,48;32,64;32,25;24,1;23,5;22,6;21,1;19,3;19;18,1;17,5;16,3;16,6;17,5;16,3;16;16;15,1;16,6;16;15,4;13,3;12,1;12,7;12,7;14,5;
01/05/1993;11,175;10,2;10,2;12,7;48,4;43,6;43,6;26,2;19,6;18,1;17,2;16,3;;;96,5;64,4;33,42;25,9;24,1;23,5;21,4;18,4;16,6;16,6;16,6;15,7;15,1;13,3;16,9;25;88
01/06/1993;55,2;31,86;25;24,4;75,2;70;40,8;34,2;30,3;23,5;23,5;24,4;24,4;24,4;23,2;20,5;19,9;30,3;41,2;33,81;25,9;25;20,8;19,9;22,9;21,1;17,8;17,5;17,5;16,3;
01/07/1993;18,7;24,1;22,9;27,26;24,1;21,4;19,3;18,7;16,9;18,1;22,9;54,8;58,4;54,4;40,8;34,2;31,08;117;115;68;51,6;42,8;33,81;32,64;26,5;25,9;24,7;23,5;37,24;80,25;56
01/08/1993;40;34,58;31,08;28,78;26,88;23,8;22,3;21,7;18,4;18,4;18,1;17,5;17,5;17,2;16,3;14,5;13,6;13,9;13,9;13,6;13,6;12,1;12,7;12,7;13,3;13;13;10,2;8,9;7,35;6,45
01/09/1993;10,85;14,8;11,175;8,9;7,35;6,75;4,78;5,55;13,3;13,3;11,175;8,9;7,05;7,95;10,85;17,2;16,6;15,7;20,2;38,8;146,5;131,5;345,1;374,5;350,7;325,5;350,7;326,9;233,4;252,6;
01/10/1993;238,2;209,4;184;199,2;289,2;279,6;235,8;160,5;101;72,8;53,2;45,6;40,4;35,34;34,2;59,6;56;66;76,8;60;90;62;149,5;107;98,5;151;116,5;89,5;64,8;57,2;54
01/11/1993;44,4;39,6;32,25;26,88;25,3;23,8;24,1;24,1;22,6;19,3;18,4;16;22,3;30,69;69,2;43,2;36,86;46;28,78;25,9;20,8;18,1;16,3;16,6;21,7;33,42;29,54;22,9;17,5;14,2;
01/12/1993;38,4;32,64;22,6;20,5;62;127,5;173;104;54,4;50,4;43,6;36,48;29,16;25;27,64;32,64;26,2;21,1;18,1;27,64;22,6;16,3;13;11,175;10,2;20,8;16,6;17,8;21,7;20,8;17,2
01/01/1994;12,7;11,175;10,525;11,8;10,85;9,875;8,25;8,9;10,525;11,8;10,85;8,575;7,35;6,75;6,45;6,15;7,65;13,3;23,8;20,5;11,5;12,7;11,5;8,9;7,65;9,55;13,6;14,2;13,9;14,8;23,8
01/02/1994;26,2;21,4;40,4;21,7;143;68,8;138,5;93,5;51,6;105;94;160,5;213;183,5;156,5;101,5;64;178;83,85;182;155,5;210,6;214,8;180,5;192;132;204;164,5;;;
01/03/1994;174,5;182;139,5;67,2;68,4;81,6;45,6;50;61,2;99,5;90;70,8;60;49,2;45,6;38,4;34,58;39,2;33,81;36,48;33,81;25,9;24,7;22,9;20,5;28,4;25,6;24,1;23,5;21,1;22,3
01/04/1994;148,5;106;60,4;46,8;38,4;34,2;33,03;31,86;24,7;22;19,9;16,9;22,6;21,1;18,1;9,875;22,3;21,1;18,7;15,7;17,2;32,25;38,4;47,6;115;180;198,6;118,5;60,4;46,8;
01/05/1994;38;32,25;25,9;25;24,1;23,8;22,6;21,4;19,9;23,5;77,2;317,8;310,8;268,2;235,8;200,4;166,5;71,2;52;45,6;43,2;43,6;84,3;109;134;136;99,5;79,8;78;62,4;55,6
01/06/1994;62,8;56,8;52;92;88;65,2;88,5;113;113,5;89,5;74,4;47,6;71,6;55,6;43,2;38,8;27,26;38,8;58,4;152,5;161;174;122,5;77,6;113,5;84,3;65,2;53,6;47,2;42,8;
01/07/1994;38,4;64;80,25;111,5;265,8;294;268,8;241,2;201;127;74,4;64,4;57,2;45,2;45,2;44,4;40,4;36,1;24,4;21,7;24,4;23,5;64,4;47,6;36,1;215,4;251,4;196,8;120,5;67,6;58,8
01/08/1994;52;47,6;47,2;46,8;47,2;43,2;37,24;28,4;25,9;23,5;23,8;23,5;22;21,1;20,5;19,6;19,3;17,5;16,9;16,9;16,9;16,9;15,7;13,9;11,8;11,175;10,85;8,9;8,9;;
01/09/1994;14,2;14,8;15,4;15,1;15,1;15,1;17,2;19;19,3;16,3;15,7;15,1;15,4;18,1;20,8;10,2;18,4;15,4;16,3;17,2;16,6;16,3;14,8;13,3;13,6;16;30,69;34,96;21,7;19,6;
01/10/1994;25;28,78;30,69;21,7;25,9;17,2;13;10,85;9,55;7,05;14,8;15,7;15,7;20,2;17,8;15,1;9,875;56,8;78,45;129;155;96;67,6;105,5;108,5;69,6;63,6;42,4;54,4;46;54,8
01/11/1994;64;62;60,4;51,2;54,4;66,4;34,58;109,5;112;95,5;74;77,2;78,45;104;96;64,8;173;305,9;284,4;225,6;200,4;123,5;156;94;51,6;46;46,4;46,8;44,4;42,4;
01/12/1994;25,6;23,2;20,5;21,4;18,7;28,4;28,02;26,2;25,3;15,1;14,2;13,6;19;20,5;19,3;64;50,4;37,24;25;21,4;19;16,6;14,2;12,4;10,525;7,65;7,65;7,05;14,5;24,7;59,6
01/01/1995;115;111;107;79,35;46;38,4;60,4;69,2;60,8;153;256,8;235,2;280,8;292,8;327,6;363,3;329,7;275,4;249,6;269,4;241,8;316,4;283,2;;;;;144,5;80,25;64,8;48,8
01/02/1995;36,1;161;248,4;219,6;176,5;131;76;59,2;62,4;152;128,5;100,5;72;66,8;120;124,5;104;89;185;180;155;76;69,2;83,4;65,2;74,4;106,5;93,5;;;
01/03/1995;84,3;124;93;116;110,5;129,5;90;76,4;59,2;49,2;44,8;30,3;38,4;36,48;27,26;34,58;31,08;23,5;21,1;19,6;19,6;19,6;22;26,5;22;18,7;16,9;15,4;14,2;15,1;22,6
01/04/1995;21,7;18,4;14,8;12,7;12,4;13;12,7;12,1;12,1;11,5;16,9;17,5;16;13;3,84;5,25;7,95;9,55;9,225;11,8;11,8;10,85;9,55;8,25;7,35;7,35;6,15;6,75;6,15;5,85;
01/05/1995;5,015;5,015;5,85;5,25;5,25;11,8;7,95;5,85;5,55;5,25;6,75;8,25;7,65;5,25;5,55;5,85;5,55;5,25;5,25;4,78;4,78;4,31;4,31;4,075;4,075;3,605;3,84;3,84;3,84;2,9;2,9
01/06/1995;2,747;3,84;3,84;2,9;2,9;2,9;2,9;18,4;34,2;26,2;28,4;17,8;13;9,875;8,9;8,25;15,7;32,25;49,6;36,1;19,6;16,9;12,7;13,9;132,5;107;46;33,42;30,3;26,2;
01/07/1995;23,5;20,5;18,7;20,2;20,5;19,6;22;173;112;79,35;46;7,35;48;32,25;22,6;21,1;20,8;22,6;21,4;22,9;23,8;21,7;19,6;14,8;14,5;13;12,7;12,7;11,8;10,525;10,2
01/08/1995;10,2;9,875;8,9;24,7;21,7;18,4;13,9;14,8;15,4;14,2;13,3;13;12,7;9,875;8,9;8,575;8,25;8,25;14,2;14,2;8,575;11,175;10,85;10,2;9,55;8,9;7,95;6,45;6,45;6,15;6,15
01/09/1995;5,85;4,78;4,545;3,84;2,594;3,37;6,45;3,37;2,9;2,9;2,9;4,075;4,31;3,84;4,075;3,84;3,37;2,594;4,075;21,4;15,7;9,875;134,5;154,5;95,5;112,5;259,8;230,4;199,8;153;
01/10/1995;117;229,2;195,6;121;101;108,5;87;66;50;19,6;23,5;32,25;52;178,5;127,5;68;42,8;36,1;40,8;52;57,2;49,2;41,2;35,34;25,9;22,3;34,96;83,4;78,9;60,8;51,6
01/11/1995;44;41,2;31,86;30,69;26,2;22,3;21,7;19;19,9;19,3;18,4;19,9;19,6;20,5;25,9;81,15;87,5;62,8;50;30,69;22,3;19,3;16;15,7;16,9;15,7;13,3;11,8;12,1;10,2;
01/12/1995;9,875;9,55;10,525;9,875;8,575;8,25;7,35;7,05;6,15;5,25;5,85;11,8;19,3;16,9;14,8;13;5,55;4,78;4,31;4,075;4,31;4,31;4,78;4,31;4,31;69,6;118;96,5;48,4;25,9;19,6
01/01/1996;16,6;13;10,525;8,25;7,65;22;28,02;18,7;55,2;56;27,64;20,5;18,4;25;44,8;40,8;110,5;147;157,5;179;149;133,5;161,5;132,5;83,4;142,5;125,5;92;219;189;157,5
01/02/1996;116;76,4;62,8;57,6;53,6;142;82,5;47,6;136,5;214,8;134,5;65,6;44,8;35,72;41,6;37,24;47,6;74;71,2;52;40,4;79,8;62,4;59,6;38,8;34,58;68,8;367,5;312,9;;
01/03/1996;183,5;190,5;229,8;225,6;216;173,5;107,5;88;60,4;53,2;42,4;34,96;29,92;32,64;38,8;75,6;85,2;81,15;51,6;47,2;48,4;56;63,2;54;46;34,58;89;124,5;85,2;135,5;150,5
01/04/1996;150,5;218,4;191;178,5;134,5;91,5;76;49,6;47,6;50,4;48;47,2;44;39,6;33,81;29,16;28,02;26,2;25;23,5;18,7;16;18,1;20,2;19;15,7;14,8;14,2;13,3;19,6;
01/05/1996;25,9;23,2;22,3;24,7;21,7;17,2;14,5;13,9;12,7;12,1;12,1;10,85;10,2;9,55;9,55;8,9;7,95;7,65;7,05;7,65;8,575;8,575;7,95;7,95;7,35;5,85;6,75;7,65;7,05;7,35;7,35
01/06/1996;7,95;5,55;6,15;6,45;6,45;7,35;7,35;7,35;7,35;4,78;5,015;5,25;5,25;5,25;4,78;4,78;15,1;100,5;136,5;78;58,4;40;26,5;24,4;23,2;24,7;96;123;74,4;60;
01/07/1996;47,2;40,4;35,72;29,92;25,9;24,1;26,88;111,5;277,2;286,2;233,4;171;80,25;53,6;46,4;41,2;36,1;32,64;28,4;25,3;25;23,8;22;20,8;20,5;20,5;23,8;21,4;19,3;19,6;16,9
01/08/1996;15,7;15,1;14,5;12,1;11,175;13;12,7;16,6;26,88;140,5;96,5;43,6;34,58;69,6;164;117;62,8;46,4;39,2;34,58;29,54;25;24,1;23,2;21,4;19,3;18,1;24,4;24,4;23,5;100,5
01/09/1996;164;145,5;75,6;94,5;67,2;52;43,2;72;118;76;62;50,8;42,8;39,2;33,81;30,3;32,64;30,3;28,78;26,2;23,8;21,1;20,2;22;113,5;138,5;120,5;230,4;264;231;
01/10/1996;173,5;91,5;85,2;86,55;62;76;45,6;34,96;33,42;32,64;36,86;32,64;44,4;114;85,65;52;41,2;33,42;77,2;145;210,6;223,8;204,6;155,5;80,25;98;78;58,4;53,6;46;41,2
01/11/1996;47,6;40;39,2;34,2;30,3;25,3;22,9;21,7;21,4;20,8;26,5;25,9;23,5;22,3;22,9;70,8;63,2;36,1;34,58;23,2;21,4;19,6;18,7;16,3;14,5;13,3;12,4;11,175;10,525;9,225;
01/12/1996;6,75;6,75;6,75;6,45;9,875;24,7;22,6;20,5;13,9;11,175;29,54;69,2;61,6;33,03;24,7;22,9;22,3;19;16,3;19,3;19,3;48,8;60;40;23,5;19,3;19,9;267;325,5;270;210
01/01/1997;141;66,8;46,8;35,72;28,78;27,26;25,9;22,6;24,7;58,4;52;34,2;33,81;46;32,64;38;22,9;22,9;18,1;32,64;135,5;201,6;205,8;180,5;151,5;103,5;141;151;156,5;155;246
01/02/1997;272,4;250,8;170,5;243,6;234,6;267;268,8;255;241,2;214,8;192;177;119,5;63,6;108;97;64;60,4;51,6;52;50;47,2;52;160,5;129;131,5;123;79,8;;;
01/03/1997;95,5;97,5;194,4;119,5;168;192;158;144;122;57,6;51,6;44,8;48;50;61,2;49,6;37,24;31,08;25,9;21,1;20,2;20,5;19,6;19,9;19,3;17,5;17,5;16,6;15,7;11,5;12,7
01/04/1997;13,9;13,3;13,3;13,3;11,5;11,5;10,85;10,2;10,2;9,55;9,55;8,25;8,25;8,25;7,65;7,65;7,65;8,25;11,5;8,25;8,25;7,95;7,65;7,05;7,05;7,05;7,05;7,05;5,25;5,25;
01/05/1997;5,25;5,25;5,25;3,37;3,37;3,37;3,37;3,37;3,37;4,78;4,78;4,78;4,78;4,31;4,31;4,31;4,31;4,31;4,31;4,31;4,31;23,8;25;10,85;9,55;8,25;8,25;19;27,26;20,5;20,5
01/06/1997;8,25;8,25;7,95;7,65;7,65;7,65;7,65;6,45;6,45;6,45;6,45;5,25;5,25;13;30,3;22;9,55;7,05;7,65;119;76;36,1;24,7;18,7;15,4;19,9;26,5;24,7;21,4;16,9;
01/07/1997;15,4;13,6;22;59,6;47,2;41,2;21,4;16,9;17,5;16,3;14,8;14,5;12,1;10,85;10,85;20,5;65,6;65,6;64,4;112,5;173,5;116;68,4;50,4;38,8;32,25;24,4;22,9;22,3;20,5;19,3
01/08/1997;17,5;22,3;109,5;178;152,5;78,9;129;125,5;82,95;72;52;44;36,86;34,2;26,2;25;24,4;22,9;22;21,1;59,6;79,35;78;53,6;47,6;37,62;34,2;27,26;24,1;23,2;19,9
01/09/1997;19;18,7;18,1;16,3;15,1;13,9;13;12,1;12,1;11,5;11,5;10,2;10,2;18,1;40,4;24,7;16;13,3;11,5;11,5;14,5;13,9;12,7;11,5;62,4;50;40,4;38,4;92;139;
01/10/1997;116;189;142,5;86,1;54;122,5;184;169,5;172;260,4;328,3;372,4;364,7;345,1;306,6;289,8;258;219;182;126,5;94,5;108;99;77,2;70;58;50,8;45,2;40,4;51,6;146,5
01/11/1997;153;124,5;149;258;282;382,2;350;322;274,2;237,6;222;225,6;208,8;179;147;99,5;83,85;168,5;188,5;166;117;130;99,5;77,2;66,8;56,8;318,5;339,5;279;227,4;
01/01/1998;75,6;59,2;188,5;189;140,5;86,1;87;120;103;77,2;60;52;50;37,24;54,8;50;41,6;31,86;25,6;23,5;21,1;17,8;60,8;76;70,8;56;123,5;72,4;72,8;55,6;234
01/02/1998;246,6;233,4;239,4;248,4;214,8;172,5;119,5;112;85,2;78;106,5;76,8;60,8;57,2;52;52,8;158,5;148,5;85,65;74;86,1;118;74,4;83,85;185,5;261;244,8;243,6;;;
01/03/1998;294;287,4;234;223,2;164,5;136,5;100;178,5;177;149,5;94;78;73,2;172;184,5;168,5;100;204,6;334,6;297,5;242,4;194,4;142;82,05;109,5;70,4;57,2;79,35;158,5;172;223,8
01/04/1998;209,4;197,4;169,5;124,5;82,95;70;110,5;115,5;71,2;58;54,4;54;47,6;42;44;134,5;96,5;76;56;50,8;44,4;40,8;96;283,8;311,5;256,2;238,8;407,4;370,3;293,4;
01/05/1998;305,2;283,2;256,8;230,4;204;174,5;75,6;46,4;40,8;37,62;35,72;33,42;42,8;88,5;136;78;58,8;49,6;42,4;38,4;36,1;33,42;29,54;27,26;25,9;25,3;24,7;24,1;23,2;22,6;21,7
01/06/1998;21,1;19,6;17,5;17,2;16,9;16,3;16,3;15,7;15,1;14,5;14,5;14,5;13,6;12,7;12,1;11,5;10,85;11,5;95,5;74,8;33,81;27,64;27,26;91,5;56;40,8;33,42;28,4;25;24,4;
01/07/1998;23,5;28,78;28,02;26,5;25,3;24,7;22,9;68,8;181,5;140,5;102;66;46,4;38,8;34,96;31,86;29,54;26,5;28,78;26,5;76,8;104,5;105;132;92;74;60;50,4;46,8;39,6;35,34
01/08/1998;34,2;69,6;60,4;44,4;71,6;68,4;54,4;48;42,8;86,55;79,35;65,2;124,5;314,3;312,9;266,4;227,4;246;234,6;205,2;217,2;340,2;348,6;314,3;277,2;238,8;201,6;142;66,4;58;47,2
01/09/1998;47,6;40,4;35,72;38;176,5;114,5;166,5;321,3;288;228;162;90;182;187,5;211,8;205,2;156,5;113;159,5;333,9;317,8;274,8;250,2;216;183,5;103;144,5;222,6;202,2;171;
01/10/1998;153,5;130;122;167;173,5;181;208,2;196,8;177;139,5;109;102;75,6;69,2;59,6;55,6;106;104,5;68,4;59,2;50,4;44;37,62;47,6;49,2;203,4;226,8;175;94;74,4;58
01/11/1998;50,8;46,8;44,4;40,8;35,72;32,64;27,64;25,9;25,3;24,1;36,48;37,62;27,64;25,6;23,5;21,1;19,6;18,7;16,3;13,3;13,3;13,3;12,7;12,7;10,525;10,525;10,525;10,525;10,525;13,6;
01/12/1998;14,5;13,9;13;55,6;109,5;48,4;34,96;25,6;27,64;40;157,5;197,4;103,5;64,4;53,6;42,8;40,4;29,54;24,4;20,8;17,8;18,7;17,5;17,5;16,3;15,1;12,7;10,2;8,9;5,85;5,25
01/01/1999;4,78;36,1;23,5;17,5;50,8;39,2;22,3;21,4;20,5;18,7;15,1;13,9;13;12,7;18,4;23,5;22,9;25,3;23,2;30,3;44;138,5;99,5;97;60,8;61,2;80,25;76;98,5;79,8;50,4
01/02/1999;36,48;37,62;33,03;25;22;20,5;18,4;34,96;154,5;171;114,5;64;50;42,8;38,8;33,81;50,8;63,2;78;67,2;65,6;95,5;83,85;63,2;180;174,5;183;176;;;
01/03/1999;118,5;82,05;62,8;50,8;42,8;37,24;33,42;29,92;26,5;56,4;36,86;26,2;22,9;20,2;19,6;18,1;16,9;16,3;15,7;14,5;71,6;64,4;36,86;26,88;23,2;22,3;27,26;33,42;31,86;25,6;38
01/04/1999;58;58,8;61,6;42;33,03;37,24;50,8;48,8;37,62;29,54;22,9;60;104;70;59,2;168,5;113,5;65,2;52,8;45,2;36,1;34,2;30,3;29,54;26,5;22,9;22,3;21,7;20,5;19,3;
01/05/1999;17,5;17,5;16,3;16,3;14,5;16,6;17,5;13;12,7;11,5;11,5;10,85;16,6;14,2;11,5;23,5;21,7;11,5;10,2;10,2;9,55;9,55;8,25;8,25;7,65;9,55;9,55;11,175;11,5;16;30,69
01/06/1999;17,5;16,3;16,3;15,7;14,5;14,5;13,9;13,9;13,9;78,9;65,2;29,16;24,4;22,9;18,1;16,9;14,5;38,8;52,8;38,8;62;48,8;36,1;30,3;26,2;22,9;22,3;21,1;18,4;16,3;
01/07/1999;15,7;52,4;385;413,7;310,8;321,3;316,4;292,8;266,4;238,8;212,4;188,5;139;53,6;45,6;41,2;37,62;34,96;38,4;40;50;39,2;34,2;31,08;28,4;24,7;31,08;29,16;25,9;24,7;22,9
01/08/1999;20,5;19,3;18,1;17,5;17,2;16,9;16,3;15,4;14,5;12,7;12,7;12,7;12,7;17,8;16;13,6;12,1;12,4;13,9;12,4;11,5;11,5;9,875;8,575;8,575;8,25;8,25;11,5;16;12,1;10,85
01/01/2000;26,125;24,7375;16,4875;13,3;12,1;20,35;22,3;70,5;45,95;25;122,8125;69,05;40,7;30,3975;90,875;109,1875;143,3125;83,34375;68,75;50,15;34,7225;26,69;26,3875;154,5;75,85;52,2;36,1;23,875;22,4125;20,0125;23,125
01/02/2000;82,05;136,625;81,88125;63,65;44,75;34,3425;26,69;23,5375;21,1375;29,635;25,9375;34,675;34,4375;26,7375;127,625;226,5;193,125;133,1875;59;49,35;40,5;37,2875;41,2;59,5;40,7;33,42;30,3975;28,115;46,55;;
01/03/2000;202,425;200,85;171,9375;114,1875;135,5625;159,75;128,375;83,34375;62,25;51,75;46,05;39,1;68,8;44,6;35,8625;30,34875;28,4475;53,7;33,615;27,4025;24,7375;22,3375;21,1;23,875;35,34;23,725;22,3;41,05;29,0175;22,9375;21,7
01/04/2000;18,7375;17,5;16,9;15,775;14,5;13,9375;12,1375;12,1;11,5;11,45938;11,5;11,5;12,6625;12,1;11,5;11,5;17,8375;101,8125;71,95;37,05;25,24375;20,65;17,575;16,9;14,5375;13,3;12,7375;11,5;16,675;12,8125;
01/05/2000;10,2;7,95;10,2;21,4;54,8;49,2;28,02;20,8;17,5;16,6;14,5;12,4;13,3;11,5;10,2;10,525;11,5;11,5;10,85;21,1;15,1;12,7;12,7;11,5;10,85;12,1;13,9;10,525;7,05;7,95;7,65
01/06/2000;7,05;7,05;6,45;6,45;7,05;7,65;7,65;8,25;7,65;7,05;6,75;5,85;6,45;6,45;6,45;5,85;10,2;66,8;96,5;59,2;35,34;26,5;20,8;18,7;16,6;21,1;65,6;53,6;34,58;35,72;
01/07/2000;34,58;27,64;25,3;23,8;21,1;19,9;19,6;18,4;17,5;95;210;126,5;69,6;51,6;43,2;39,6;32,64;28,4;25,3;22,9;21,7;20,8;43,2;31,86;23,2;21,1;20,5;18,7;17,5;16,9;20,5
01/08/2000;19,9;17,8;25,3;25,6;21,7;19,3;16;14,8;14,5;14,5;13,9;13,9;12,1;11,5;16,9;55,6;44,8;110;56;42;32,64;27,64;24,4;22;20,2;22,9;51,2;44,8;38,4;32,64;22,6
01/09/2000;20,5;19,9;22;22,9;21,4;19;16,3;14,5;14,5;16;24,7;172;180,5;225;305,2;232,2;274,8;267;291,6;316,4;305,9;271,2;238,8;231;240,6;188,5;104;70;57,6;51,6;
01/10/2000;76,4;186,5;123;78;87;64;52;44,8;40;96;130,5;85,65;221,4;301;310,8;263,4;267;279;258;248,4;220,8;154,5;79,8;71,2;61,2;53,2;102,5;104,5;64;53,2;44,8
01/11/2000;39,6;36,48;37,24;33,81;29,54;26,5;24,7;24,1;23,5;26,2;26,88;22,9;36,48;82,5;57,6;33,03;28,02;25,6;23,5;20,8;92;56;33,81;29,16;54;38,8;28,4;24,4;22,3;27,26;
01/12/2000;72;54,4;48;60,8;44,4;40,4;27,64;22,3;20,2;19;16,6;14,5;33,42;23,5;209,4;255,6;209,4;132;53,6;40,8;33,03;39,6;37,24;91;176,5;152,5;101;76;91,5;239,4;249
01/02/2001;121,5;76;78;219;322;318,5;315;274,2;267,6;246;250,8;216,6;195;177;106;85,65;88;83,85;196,2;326,9;224,4;249;242,4;218,4;187;144;70,4;56,8;;;
01/03/2001;59,2;50,8;42,8;38,4;66;45,6;42,4;74,6;66,4;89;56,8;42,4;35,72;29,92;28,02;61,6;87;158,5;106,5;65,6;51,6;43,2;65,2;49,6;55,6;68;49,6;45,6;42;40,8;38,4
01/04/2001;50,4;70,8;41,6;34,96;30,3;28,02;26,2;27,64;106,5;68;58;45,2;38,8;31,86;26,2;23,5;22;20,8;18,7;17,5;35,72;54,8;54;62;145;84,75;59,6;46,8;39,6;33,42;
01/05/2001;31,47;26,5;23,5;153,5;126;164,5;152,5;59,2;48;42,4;52,8;41,2;34,2;26,88;24,1;31,08;53,6;40,4;33,81;29,54;25,3;147;160,5;82,95;61,2;52;44;197,4;213,6;179,5;127
01/06/2001;77,2;64;58,4;48,8;43,2;38,4;40;35,34;32,25;28,4;26,2;24,7;23,5;22,9;21,7;20,5;47,6;32,64;31,08;64;42,4;31,08;25;24,1;69,2;187,5;168,5;172;84,75;56,8;
01/07/2001;48,8;44;40;35,72;33,81;31,86;29,54;27,64;25,9;24,4;22,9;29,54;24,4;21,7;20,5;19,6;18,7;17,5;107,5;60,4;41,6;37,62;28,78;25,9;30,69;53,2;120,5;78,45;56,4;45,2;38
01/08/2001;33,81;31,08;28,4;26,2;23,5;21,7;20,5;19,9;19,6;19,3;18,7;18,1;16,9;15,1;13,9;13,6;12,7;12,7;12,1;12,1;15,7;16,9;14,5;12,1;15,1;14,5;17,8;60;38,4;76;44,4
01/09/2001;33,42;28,4;20,8;19,3;62,4;76;67,2;57,6;50,8;99;219;138;74;74,8;66,4;49,6;41,2;34,96;31,08;28,02;25;22;66;84,75;57,2;50,8;42;93,5;291;255;
01/10/2001;401,1;497,7;463,4;403,9;361,9;317,8;276,6;279;268,8;270,6;244,8;217,2;189,5;143;57,2;49,2;55,6;53,2;53,2;123;74,4;68,4;49,6;40,4;35,72;31,47;27,64;26,5;24,7;24,1;23,5
01/11/2001;20,2;18,1;16,9;16;15,7;15,1;14,5;20,8;21,7;18,7;103,5;165,5;65,2;40;40;38,8;51,6;34,96;27,26;23,2;20,5;20,5;22,9;19,6;19,9;18,7;17,5;30,69;98,5;151,5;
01/12/2001;186,5;106,5;62;47,6;66;132,5;86,55;59,6;59,2;63,2;47,6;42;39,6;81,6;104,5;107;77,2;51,6;40,4;33,42;50;57,6;78,9;50;41,6;34,2;26,2;22,9;18,4;16,3;14,2
01/01/2002;13,14;16,98;11,82;9,328;8,892;10,2;26,11;16,5;13,14;19,98;27,54;30,5;39,54;62,2;38,7;26,24;18,9;16,02;14,82;13,62;10,2;10,2;28,07;40,38;53,49;31,31;21,35;18,18;17,7;16,02;16,26
01/02/2002;16,26;15,78;12,36;8,456;8,02;7,568;15,78;16,26;13,86;16,26;13,86;12,36;25,98;44,98;59,2;56,1;35,9;28,61;20,85;17,7;18,66;26,24;19,62;16,5;11,82;12,09;11,01;11,55;;;
01/03/2002;11,82;22,6;15,78;14,82;12,36;11,28;26,24;19,38;16,26;68,09;44,4;20,6;21,6;38,7;35,36;24,42;16,5;26,24;16,98;14,82;12,9;10,2;9,764;10,74;13,14;12,9;18,18;17,22;15,3;14,34;10,2
01/04/2002;8,02;10,2;14,1;61,9;28,88;18,66;27,54;24,94;17,46;14,34;12,765;10,74;14,1;19,14;17,22;15,78;14,58;13,86;86,54;213;195;146,6;58,58;38,7;31,85;26,5;22,35;19,86;17,7;19,86;
01/05/2002;18,18;16,26;15,06;14,58;13,14;12,36;11,82;11,28;23,9;15,78;13,86;12,9;11,28;9,764;9,328;25,46;32,39;26,24;57,03;51,4;33,2;21,35;18,9;16,98;16,26;15,3;14,82;13,62;12,9;12,36;11,82
01/06/2002;11,82;11,28;11,01;10,2;9,764;9,764;9,764;9,328;8,674;8,02;8,02;10,74;13,38;12,63;51,1;99,92;54,94;37,58;29,96;27,54;21,85;19,38;17,7;17,22;16,26;15,06;14,34;14,1;13,86;13,38;
01/07/2002;13,62;13,86;14,58;13,86;13,38;12,9;15,54;21,35;14,82;14,34;13,38;13,14;12,9;11,82;11,82;10,74;9,764;9,546;9,328;8,892;9,328;16,74;;15,54;11,415;12,36;16,02;13,26;11,55;9,764;55,81
01/08/2002;152;131;113,4;94,76;61,75;118,15;153;130,8;86,22;44,69;36,46;32,66;30,5;29,15;81,9;54,65;42,225;35,9;31,58;27,8;25,2;29,69;63,595;55,81;48,17;34,82;29,42;26,5;23,51;23,12;20,35
01/09/2002;18,18;16,86;16,02;15,3;13,62;14,22;67,47;34,55;21,6;19,62;17,94;17,46;21,225;118,6;134,4;67,78;63,75;66,54;60,4;133,8;118,45;103,4;83,98;47,735;39,26;33,605;29,42;25,72;23,38;;
01/10/2002;33,2;27,28;25,85;32,66;79,18;187,8;110,7;64,37;75,98;53,635;44,11;66,54;49,33;38,98;36,46;60,7;109,5;82,7;54,36;46,72;48,46;56,565;40,66;51,25;;83,34;62,05;48,895;47,155;157,75;171,2
01/11/2002;154,6;157,6;134,1;86,86;77,26;55,52;46,14;39,82;34,82;61,3;138,2;107,2;58,58;43,53;35,63;47,59;43,095;34,28;37,58;31,31;63,595;142,4;131,8;70,105;46,72;56,565;45,125;125,45;231,6;253,6;
01/12/2002;216,6;213,4;209,4;194,6;179,2;164,4;151,4;175;167,8;151,6;124,2;77,9;55,81;66,23;47,59;86,22;51,4;37,16;30,095;39,26;55,52;34,55;31,04;;50,2;44,4;35,09;28,07;24,16;19,86;18,78
01/01/2003;16,98;16,38;35,36;26,5;24,94;19,26;15,54;11,82;11,82;10,335;23,12;17,82;13,86;11,28;9,219;9,219;10,091;11,415;11,01;9,110001;8,238001;7,794001;6,664001;6,664001;5,368;5,76;22,6;31,85;19,14;12,225;9,328
01/02/2003;7,907001;7,116;7,455;6,438;5,76;5,662;15,42;27,02;35,09;31,85;27,54;44,835;67,93501;34,55;34,28;23,38;79,82;41,645;24,94;27,02;49,185;72,14;51,4;34,955;32,39;26,63;21,225;18,54;;;
01/03/2003;17,7;21,975;64,835;69,485;47,155;38,7;92,285;166,6;149,2;141,1;147,65;136;110,55;50,8;36,18;31,985;31,175;;22,73;20,975;26,24;21,1;17,94;16,5;16,26;16,02;15,3;14,22;13,38;12,63;11,685
01/04/2003;19,74;27,54;16,86;31,175;42,37;23,64;18,18;15,54;14,1;12,63;10,605;9,982;9,764;9,328;8,892;8,892;8,892;8,892;14,1;13,62;10,605;9,437;8,892;9,110001;8,456;7,568;7,568;7,342;7,003;7,455;
01/05/2003;39,68;29,96;16,86;12,63;10,2;9,764;9,546;8,456;7,568;7,003;6,89;6,664001;6,438;6,89;6,212;6,551;5,76;5,76;5,368;4,976;5,564;5,466;15,18;22,475;13,26;7,003;6,438;5,873;5,564;5,368;5,368
01/06/2003;4,976;4,682;7,907001;16,62;17,7;47,155;27,28;52;49,765;100,1;52,45;32,93;26,5;21,35;18,9;17,7;15,66;15,9;23,38;24,29;17,82;16,5;13,62;12,9;11,55;11,28;10,47;9,982;8,892;8,892;
01/07/2003;8,783;8,347;8,238001;8,238001;8,02;7,568;9,982;11,55;9,328;9,982;9,437;7,568;6,664001;6,664001;11,55;61,75;47,01;30,77;25,2;20,1;17,34;15,42;14,46;13,26;11,955;11,01;9,982;9,546;9,873;9,546;9,328
01/08/2003;8,892;8,02;7,568;7,568;7,681;9,110001;8,02;7,681;6,89;7,003;4,78;5,564;5,564;5,368;5,564;5,368;4,976;4,388;4,486;4,584;4,78;4,486;4,388;3,8;4,094;4,388;4,29;3,631;2,7015;2,448;2,11
01/09/2003;2,11;2,11;1,989;1,868;1,747;1,747;1,747;1,747;1,989;9,219;15,66;7,455;4,094;3,462;2,448;2,617;2,5325;2,448;2,11;1,747;1,626;1,384;1,384;1,505;1,505;1,747;2,1945;1,868;24,03;14,1;
01/10/2003;7,342;4,878;3,462;2,955;2,786;4,584;49,04;22,1;47,59;85,10001;47,3;43,965;28,475;20,85;15,18;12,36;9,437;7,342;5,986;6,89;10,2;16,62;11,82;8,456;6,89;59,95;84,3;60,4;41,5;29,555;23,12
01/11/2003;21,35;36,74;26,63;18,54;14,82;13,14;12,9;13,5;10,2;8,02;6,89;5,368;14,46;16,26;12,9;12,9;52,3;33,065;23,9;16,74;12,225;8,238001;7,342;5,76;14,34;14,1;9,328;8,02;6,664001;5,172;
01/12/2003;3,293;;;6,664001;7,003;7,003;3,462;2,11;16,62;14,34;7,229001;47,155;32,795;86,22;86,06;82,22;78,38;30,77;32,93;26,63;57,03;50,5;41,79;;;;;;11,415;22,1;72,14
01/01/2004;65,3;38;27,41;19,98;17,46;13,26;11,28;16,02;15,3;9,655;10,74;12,9;7,794001;7,116;16,26;12,495;11,01;9,437;6,664001;5,986;4,976;5,564;4,976;3,631;5,564;9,001;8,783;7,003;20,6;20,725;10,47
01/02/2004;9,655;12,9;18,18;14,22;9,437;45,415;44,98;19,02;12,09;9,873;7,116;6,212;5,873;5,172;9,546;8,347;5,564;4,192;5,172;9,655;7,794001;7,116;11,955;9,437;6,099;4,878;4,78;3,631;3,293;;
01/03/2004;2,5325;2,786;2,786;2,448;2,11;1,868;1,868;1,505;2,7015;3,0395;2,448;3,462;3,898;6,89;9,655;5,873;3,5465;2,8705;2,279;6,438;5,76;8,129001;4,094;2,8705;2,448;2,11;1,868;2,11;1,989;5,27;5,986
01/04/2004;4,388;2,617;2,7015;17,34;16,26;25,98;23,12;15,42;;;;11,685;8,892;7,229001;4,976;5,172;5,368;5,172;8,674;16,38;47,445;24,03;15,66;19,86;17,94;16,74;9,982;7,568;5,986;5,172;
01/05/2004;9,546;;27,15;37,58;56,1;54,215;45,56;97,76;59,2;37,16;27,935;25,72;43,675;30,905;24,16;18,9;16,26;14,82;13,5;12,09;11,28;11,955;14,7;15,78;15,42;43,095;27,8;19,14;17,46;15,78;14,22
01/06/2004;;;;;;;;;;;;;;;;;16,14;14,94;13,02;11,955;11,55;10,47;9,437;9,110001;9,110001;8,129001;8,02;8,129001;7,342;7,568;
01/07/2004;7,568;9,110001;8,238001;21,975;109,8;80,14;40,24;39,4;64,06001;43,24;34,01;26,63;22,99;20,975;24,81;108;158,05;138,8;101,3;91,29501;82,54;63,905;51,25;44,11;36,74;32,39;28,475;26,11;201,6;20,475;22,73
01/08/2004;20,975;17,46;16,02;15,06;14,46;14,1;11,82;11,01;10,091;9,110001;8,892;8,783;8,565001;8,02;8,02;7,455;6,212;5,986;3,996;6,099;5,76;5,368;5,074;5,368;4,78;4,388;6,212;;29,96;14,58;10,335
01/09/2004;8,347;7,116;6,777;5,466;4,388;4,192;4,388;4,78;4,78;4,878;3,293;3,462;13,98;149,4;193,4;131;117,6;61,3;32,255;27,935;24,81;21,725;24,81;32,12;34,01;25,85;34,55;31,445;30,095;25,33;
01/10/2004;20,35;19,14;17,22;14,58;10,605;11,415;9,764;9,219;8,02;24,55;75,02;39,26;76,14;161,8;135,2;85,10001;58,27;50,95;60,7;47,01;36,04;30,77;27,41;79,5;174;205;183,9;164,6;141,7;117,8;80,94
01/11/2004;67,16;48,315;38,42;70,88;67,47;48,605;35,09;31,985;28,88;42,225;79,5;87,5;59,35;43,82;42,225;42,37;36,18;30,77;25,33;21,1;18,42;16,98;14,82;13,02;11,82;12,36;11,82;26,63;33,065;20,475;
01/12/2004;15,54;13,02;11,82;11,685;11,28;40,94;53,635;97,58;89,81001;109,8;153,8;142,2;96,74;49,91;37,86;31,715;70,105;71,19;44,4;59,2;36,46;30,5;31,58;57,96;30,365;27,935;27,28;24,94;22,6;20,1;17,7
